dataset,instancia,n,R,archivo
peor-caso-bt,BT-PC-10,10,1001,instancias/peor-caso-bt/BT-PC-10.txt
peor-caso-bt,BT-PC-20,20,1001,instancias/peor-caso-bt/BT-PC-20.txt
peor-caso-bt,BT-PC-30,30,1001,instancias/peor-caso-bt/BT-PC-30.txt
peor-caso-bt,BT-PC-40,40,1001,instancias/peor-caso-bt/BT-PC-40.txt
peor-caso-bt,BT-PC-50,50,1001,instancias/peor-caso-bt/BT-PC-50.txt
peor-caso-bt,BT-PC-60,60,1001,instancias/peor-caso-bt/BT-PC-60.txt
peor-caso-bt,BT-PC-70,70,1001,instancias/peor-caso-bt/BT-PC-70.txt
peor-caso-bt,BT-PC-80,80,1001,instancias/peor-caso-bt/BT-PC-80.txt
peor-caso-bt,BT-PC-90,90,1001,instancias/peor-caso-bt/BT-PC-90.txt
peor-caso-bt,BT-PC-100,100,1001,instancias/peor-caso-bt/BT-PC-100.txt
peor-caso-bt,BT-PC-110,110,1001,instancias/peor-caso-bt/BT-PC-110.txt
peor-caso-bt,BT-PC-120,120,1001,instancias/peor-caso-bt/BT-PC-120.txt
peor-caso-bt,BT-PC-130,130,1001,instancias/peor-caso-bt/BT-PC-130.txt
peor-caso-bt,BT-PC-140,140,1001,instancias/peor-caso-bt/BT-PC-140.txt
peor-caso-bt,BT-PC-150,150,1001,instancias/peor-caso-bt/BT-PC-150.txt
peor-caso-bt,BT-PC-160,160,1001,instancias/peor-caso-bt/BT-PC-160.txt
peor-caso-bt,BT-PC-170,170,1001,instancias/peor-caso-bt/BT-PC-170.txt
peor-caso-bt,BT-PC-180,180,1001,instancias/peor-caso-bt/BT-PC-180.txt
peor-caso-bt,BT-PC-190,190,1001,instancias/peor-caso-bt/BT-PC-190.txt
peor-caso-bt,BT-PC-200,200,1001,instancias/peor-caso-bt/BT-PC-200.txt
peor-caso-bt,BT-PC-210,210,1001,instancias/peor-caso-bt/BT-PC-210.txt
peor-caso-bt,BT-PC-220,220,1001,instancias/peor-caso-bt/BT-PC-220.txt
peor-caso-bt,BT-PC-230,230,1001,instancias/peor-caso-bt/BT-PC-230.txt
peor-caso-bt,BT-PC-240,240,1001,instancias/peor-caso-bt/BT-PC-240.txt
peor-caso-bt,BT-PC-250,250,1001,instancias/peor-caso-bt/BT-PC-250.txt
peor-caso-bt,BT-PC-260,260,1001,instancias/peor-caso-bt/BT-PC-260.txt
peor-caso-bt,BT-PC-270,270,1001,instancias/peor-caso-bt/BT-PC-270.txt
peor-caso-bt,BT-PC-280,280,1001,instancias/peor-caso-bt/BT-PC-280.txt
peor-caso-bt,BT-PC-290,290,1001,instancias/peor-caso-bt/BT-PC-290.txt
peor-caso-bt,BT-PC-300,300,1001,instancias/peor-caso-bt/BT-PC-300.txt
peor-caso-bt,BT-PC-310,310,1001,instancias/peor-caso-bt/BT-PC-310.txt
peor-caso-bt,BT-PC-320,320,1001,instancias/peor-caso-bt/BT-PC-320.txt
peor-caso-bt,BT-PC-330,330,1001,instancias/peor-caso-bt/BT-PC-330.txt
peor-caso-bt,BT-PC-340,340,1001,instancias/peor-caso-bt/BT-PC-340.txt
peor-caso-bt,BT-PC-350,350,1001,instancias/peor-caso-bt/BT-PC-350.txt
peor-caso-bt,BT-PC-360,360,1001,instancias/peor-caso-bt/BT-PC-360.txt
peor-caso-bt,BT-PC-370,370,1001,instancias/peor-caso-bt/BT-PC-370.txt
peor-caso-bt,BT-PC-380,380,1001,instancias/peor-caso-bt/BT-PC-380.txt
peor-caso-bt,BT-PC-390,390,1001,instancias/peor-caso-bt/BT-PC-390.txt
peor-caso-bt,BT-PC-400,400,1001,instancias/peor-caso-bt/BT-PC-400.txt
peor-caso-bt,BT-PC-410,410,1001,instancias/peor-caso-bt/BT-PC-410.txt
peor-caso-bt,BT-PC-420,420,1001,instancias/peor-caso-bt/BT-PC-420.txt
peor-caso-bt,BT-PC-430,430,1001,instancias/peor-caso-bt/BT-PC-430.txt
peor-caso-bt,BT-PC-440,440,1001,instancias/peor-caso-bt/BT-PC-440.txt
peor-caso-bt,BT-PC-450,450,1001,instancias/peor-caso-bt/BT-PC-450.txt
peor-caso-bt,BT-PC-460,460,1001,instancias/peor-caso-bt/BT-PC-460.txt
peor-caso-bt,BT-PC-470,470,1001,instancias/peor-caso-bt/BT-PC-470.txt
peor-caso-bt,BT-PC-480,480,1001,instancias/peor-caso-bt/BT-PC-480.txt
peor-caso-bt,BT-PC-490,490,1001,instancias/peor-caso-bt/BT-PC-490.txt
peor-caso-bt,BT-PC-500,500,1001,instancias/peor-caso-bt/BT-PC-500.txt
peor-caso-bt,BT-PC-510,510,1001,instancias/peor-caso-bt/BT-PC-510.txt
peor-caso-bt,BT-PC-520,520,1001,instancias/peor-caso-bt/BT-PC-520.txt
peor-caso-bt,BT-PC-530,530,1001,instancias/peor-caso-bt/BT-PC-530.txt
peor-caso-bt,BT-PC-540,540,1001,instancias/peor-caso-bt/BT-PC-540.txt
peor-caso-bt,BT-PC-550,550,1001,instancias/peor-caso-bt/BT-PC-550.txt
peor-caso-bt,BT-PC-560,560,1001,instancias/peor-caso-bt/BT-PC-560.txt
peor-caso-bt,BT-PC-570,570,1001,instancias/peor-caso-bt/BT-PC-570.txt
peor-caso-bt,BT-PC-580,580,1001,instancias/peor-caso-bt/BT-PC-580.txt
peor-caso-bt,BT-PC-590,590,1001,instancias/peor-caso-bt/BT-PC-590.txt
peor-caso-bt,BT-PC-600,600,1001,instancias/peor-caso-bt/BT-PC-600.txt
peor-caso-bt,BT-PC-610,610,1001,instancias/peor-caso-bt/BT-PC-610.txt
peor-caso-bt,BT-PC-620,620,1001,instancias/peor-caso-bt/BT-PC-620.txt
peor-caso-bt,BT-PC-630,630,1001,instancias/peor-caso-bt/BT-PC-630.txt
peor-caso-bt,BT-PC-640,640,1001,instancias/peor-caso-bt/BT-PC-640.txt
peor-caso-bt,BT-PC-650,650,1001,instancias/peor-caso-bt/BT-PC-650.txt
peor-caso-bt,BT-PC-660,660,1001,instancias/peor-caso-bt/BT-PC-660.txt
peor-caso-bt,BT-PC-670,670,1001,instancias/peor-caso-bt/BT-PC-670.txt
peor-caso-bt,BT-PC-680,680,1001,instancias/peor-caso-bt/BT-PC-680.txt
peor-caso-bt,BT-PC-690,690,1001,instancias/peor-caso-bt/BT-PC-690.txt
peor-caso-bt,BT-PC-700,700,1001,instancias/peor-caso-bt/BT-PC-700.txt
peor-caso-bt,BT-PC-710,710,1001,instancias/peor-caso-bt/BT-PC-710.txt
peor-caso-bt,BT-PC-720,720,1001,instancias/peor-caso-bt/BT-PC-720.txt
peor-caso-bt,BT-PC-730,730,1001,instancias/peor-caso-bt/BT-PC-730.txt
peor-caso-bt,BT-PC-740,740,1001,instancias/peor-caso-bt/BT-PC-740.txt
peor-caso-bt,BT-PC-750,750,1001,instancias/peor-caso-bt/BT-PC-750.txt
peor-caso-bt,BT-PC-760,760,1001,instancias/peor-caso-bt/BT-PC-760.txt
peor-caso-bt,BT-PC-770,770,1001,instancias/peor-caso-bt/BT-PC-770.txt
peor-caso-bt,BT-PC-780,780,1001,instancias/peor-caso-bt/BT-PC-780.txt
peor-caso-bt,BT-PC-790,790,1001,instancias/peor-caso-bt/BT-PC-790.txt
peor-caso-bt,BT-PC-800,800,1001,instancias/peor-caso-bt/BT-PC-800.txt
peor-caso-bt,BT-PC-810,810,1001,instancias/peor-caso-bt/BT-PC-810.txt
peor-caso-bt,BT-PC-820,820,1001,instancias/peor-caso-bt/BT-PC-820.txt
peor-caso-bt,BT-PC-830,830,1001,instancias/peor-caso-bt/BT-PC-830.txt
peor-caso-bt,BT-PC-840,840,1001,instancias/peor-caso-bt/BT-PC-840.txt
peor-caso-bt,BT-PC-850,850,1001,instancias/peor-caso-bt/BT-PC-850.txt
peor-caso-bt,BT-PC-860,860,1001,instancias/peor-caso-bt/BT-PC-860.txt
peor-caso-bt,BT-PC-870,870,1001,instancias/peor-caso-bt/BT-PC-870.txt
peor-caso-bt,BT-PC-880,880,1001,instancias/peor-caso-bt/BT-PC-880.txt
peor-caso-bt,BT-PC-890,890,1001,instancias/peor-caso-bt/BT-PC-890.txt
peor-caso-bt,BT-PC-900,900,1001,instancias/peor-caso-bt/BT-PC-900.txt
peor-caso-bt,BT-PC-910,910,1001,instancias/peor-caso-bt/BT-PC-910.txt
peor-caso-bt,BT-PC-920,920,1001,instancias/peor-caso-bt/BT-PC-920.txt
peor-caso-bt,BT-PC-930,930,1001,instancias/peor-caso-bt/BT-PC-930.txt
peor-caso-bt,BT-PC-940,940,1001,instancias/peor-caso-bt/BT-PC-940.txt
peor-caso-bt,BT-PC-950,950,1001,instancias/peor-caso-bt/BT-PC-950.txt
peor-caso-bt,BT-PC-960,960,1001,instancias/peor-caso-bt/BT-PC-960.txt
peor-caso-bt,BT-PC-970,970,1001,instancias/peor-caso-bt/BT-PC-970.txt
peor-caso-bt,BT-PC-980,980,1001,instancias/peor-caso-bt/BT-PC-980.txt
peor-caso-bt,BT-PC-990,990,1001,instancias/peor-caso-bt/BT-PC-990.txt
peor-caso-bt,BT-PC-1000,1000,1001,instancias/peor-caso-bt/BT-PC-1000.txt
peor-caso-bt,BT-PC-1010,1010,1001,instancias/peor-caso-bt/BT-PC-1010.txt
peor-caso-bt,BT-PC-1020,1020,1001,instancias/peor-caso-bt/BT-PC-1020.txt
peor-caso-bt,BT-PC-1030,1030,1001,instancias/peor-caso-bt/BT-PC-1030.txt
peor-caso-bt,BT-PC-1040,1040,1001,instancias/peor-caso-bt/BT-PC-1040.txt
peor-caso-bt,BT-PC-1050,1050,1001,instancias/peor-caso-bt/BT-PC-1050.txt
peor-caso-bt,BT-PC-1060,1060,1001,instancias/peor-caso-bt/BT-PC-1060.txt
peor-caso-bt,BT-PC-1070,1070,1001,instancias/peor-caso-bt/BT-PC-1070.txt
peor-caso-bt,BT-PC-1080,1080,1001,instancias/peor-caso-bt/BT-PC-1080.txt
peor-caso-bt,BT-PC-1090,1090,1001,instancias/peor-caso-bt/BT-PC-1090.txt
peor-caso-bt,BT-PC-1100,1100,1001,instancias/peor-caso-bt/BT-PC-1100.txt
peor-caso-bt,BT-PC-1110,1110,1001,instancias/peor-caso-bt/BT-PC-1110.txt
peor-caso-bt,BT-PC-1120,1120,1001,instancias/peor-caso-bt/BT-PC-1120.txt
peor-caso-bt,BT-PC-1130,1130,1001,instancias/peor-caso-bt/BT-PC-1130.txt
peor-caso-bt,BT-PC-1140,1140,1001,instancias/peor-caso-bt/BT-PC-1140.txt
peor-caso-bt,BT-PC-1150,1150,1001,instancias/peor-caso-bt/BT-PC-1150.txt
peor-caso-bt,BT-PC-1160,1160,1001,instancias/peor-caso-bt/BT-PC-1160.txt
peor-caso-bt,BT-PC-1170,1170,1001,instancias/peor-caso-bt/BT-PC-1170.txt
peor-caso-bt,BT-PC-1180,1180,1001,instancias/peor-caso-bt/BT-PC-1180.txt
peor-caso-bt,BT-PC-1190,1190,1001,instancias/peor-caso-bt/BT-PC-1190.txt
peor-caso-bt,BT-PC-1200,1200,1001,instancias/peor-caso-bt/BT-PC-1200.txt
peor-caso-bt,BT-PC-1210,1210,1001,instancias/peor-caso-bt/BT-PC-1210.txt
peor-caso-bt,BT-PC-1220,1220,1001,instancias/peor-caso-bt/BT-PC-1220.txt
peor-caso-bt,BT-PC-1230,1230,1001,instancias/peor-caso-bt/BT-PC-1230.txt
peor-caso-bt,BT-PC-1240,1240,1001,instancias/peor-caso-bt/BT-PC-1240.txt
peor-caso-bt,BT-PC-1250,1250,1001,instancias/peor-caso-bt/BT-PC-1250.txt
peor-caso-bt,BT-PC-1260,1260,1001,instancias/peor-caso-bt/BT-PC-1260.txt
peor-caso-bt,BT-PC-1270,1270,1001,instancias/peor-caso-bt/BT-PC-1270.txt
peor-caso-bt,BT-PC-1280,1280,1001,instancias/peor-caso-bt/BT-PC-1280.txt
peor-caso-bt,BT-PC-1290,1290,1001,instancias/peor-caso-bt/BT-PC-1290.txt
peor-caso-bt,BT-PC-1300,1300,1001,instancias/peor-caso-bt/BT-PC-1300.txt
peor-caso-bt,BT-PC-1310,1310,1001,instancias/peor-caso-bt/BT-PC-1310.txt
peor-caso-bt,BT-PC-1320,1320,1001,instancias/peor-caso-bt/BT-PC-1320.txt
peor-caso-bt,BT-PC-1330,1330,1001,instancias/peor-caso-bt/BT-PC-1330.txt
peor-caso-bt,BT-PC-1340,1340,1001,instancias/peor-caso-bt/BT-PC-1340.txt
peor-caso-bt,BT-PC-1350,1350,1001,instancias/peor-caso-bt/BT-PC-1350.txt
peor-caso-bt,BT-PC-1360,1360,1001,instancias/peor-caso-bt/BT-PC-1360.txt
peor-caso-bt,BT-PC-1370,1370,1001,instancias/peor-caso-bt/BT-PC-1370.txt
peor-caso-bt,BT-PC-1380,1380,1001,instancias/peor-caso-bt/BT-PC-1380.txt
peor-caso-bt,BT-PC-1390,1390,1001,instancias/peor-caso-bt/BT-PC-1390.txt
peor-caso-bt,BT-PC-1400,1400,1001,instancias/peor-caso-bt/BT-PC-1400.txt
peor-caso-bt,BT-PC-1410,1410,1001,instancias/peor-caso-bt/BT-PC-1410.txt
peor-caso-bt,BT-PC-1420,1420,1001,instancias/peor-caso-bt/BT-PC-1420.txt
peor-caso-bt,BT-PC-1430,1430,1001,instancias/peor-caso-bt/BT-PC-1430.txt
peor-caso-bt,BT-PC-1440,1440,1001,instancias/peor-caso-bt/BT-PC-1440.txt
peor-caso-bt,BT-PC-1450,1450,1001,instancias/peor-caso-bt/BT-PC-1450.txt
peor-caso-bt,BT-PC-1460,1460,1001,instancias/peor-caso-bt/BT-PC-1460.txt
peor-caso-bt,BT-PC-1470,1470,1001,instancias/peor-caso-bt/BT-PC-1470.txt
peor-caso-bt,BT-PC-1480,1480,1001,instancias/peor-caso-bt/BT-PC-1480.txt
peor-caso-bt,BT-PC-1490,1490,1001,instancias/peor-caso-bt/BT-PC-1490.txt
peor-caso-bt,BT-PC-1500,1500,1001,instancias/peor-caso-bt/BT-PC-1500.txt
peor-caso-bt,BT-PC-1510,1510,1001,instancias/peor-caso-bt/BT-PC-1510.txt
peor-caso-bt,BT-PC-1520,1520,1001,instancias/peor-caso-bt/BT-PC-1520.txt
peor-caso-bt,BT-PC-1530,1530,1001,instancias/peor-caso-bt/BT-PC-1530.txt
peor-caso-bt,BT-PC-1540,1540,1001,instancias/peor-caso-bt/BT-PC-1540.txt
peor-caso-bt,BT-PC-1550,1550,1001,instancias/peor-caso-bt/BT-PC-1550.txt
peor-caso-bt,BT-PC-1560,1560,1001,instancias/peor-caso-bt/BT-PC-1560.txt
peor-caso-bt,BT-PC-1570,1570,1001,instancias/peor-caso-bt/BT-PC-1570.txt
peor-caso-bt,BT-PC-1580,1580,1001,instancias/peor-caso-bt/BT-PC-1580.txt
peor-caso-bt,BT-PC-1590,1590,1001,instancias/peor-caso-bt/BT-PC-1590.txt
peor-caso-bt,BT-PC-1600,1600,1001,instancias/peor-caso-bt/BT-PC-1600.txt
peor-caso-bt,BT-PC-1610,1610,1001,instancias/peor-caso-bt/BT-PC-1610.txt
peor-caso-bt,BT-PC-1620,1620,1001,instancias/peor-caso-bt/BT-PC-1620.txt
peor-caso-bt,BT-PC-1630,1630,1001,instancias/peor-caso-bt/BT-PC-1630.txt
peor-caso-bt,BT-PC-1640,1640,1001,instancias/peor-caso-bt/BT-PC-1640.txt
peor-caso-bt,BT-PC-1650,1650,1001,instancias/peor-caso-bt/BT-PC-1650.txt
peor-caso-bt,BT-PC-1660,1660,1001,instancias/peor-caso-bt/BT-PC-1660.txt
peor-caso-bt,BT-PC-1670,1670,1001,instancias/peor-caso-bt/BT-PC-1670.txt
peor-caso-bt,BT-PC-1680,1680,1001,instancias/peor-caso-bt/BT-PC-1680.txt
peor-caso-bt,BT-PC-1690,1690,1001,instancias/peor-caso-bt/BT-PC-1690.txt
peor-caso-bt,BT-PC-1700,1700,1001,instancias/peor-caso-bt/BT-PC-1700.txt
peor-caso-bt,BT-PC-1710,1710,1001,instancias/peor-caso-bt/BT-PC-1710.txt
peor-caso-bt,BT-PC-1720,1720,1001,instancias/peor-caso-bt/BT-PC-1720.txt
peor-caso-bt,BT-PC-1730,1730,1001,instancias/peor-caso-bt/BT-PC-1730.txt
peor-caso-bt,BT-PC-1740,1740,1001,instancias/peor-caso-bt/BT-PC-1740.txt
peor-caso-bt,BT-PC-1750,1750,1001,instancias/peor-caso-bt/BT-PC-1750.txt
peor-caso-bt,BT-PC-1760,1760,1001,instancias/peor-caso-bt/BT-PC-1760.txt
peor-caso-bt,BT-PC-1770,1770,1001,instancias/peor-caso-bt/BT-PC-1770.txt
peor-caso-bt,BT-PC-1780,1780,1001,instancias/peor-caso-bt/BT-PC-1780.txt
peor-caso-bt,BT-PC-1790,1790,1001,instancias/peor-caso-bt/BT-PC-1790.txt
peor-caso-bt,BT-PC-1800,1800,1001,instancias/peor-caso-bt/BT-PC-1800.txt
peor-caso-bt,BT-PC-1810,1810,1001,instancias/peor-caso-bt/BT-PC-1810.txt
peor-caso-bt,BT-PC-1820,1820,1001,instancias/peor-caso-bt/BT-PC-1820.txt
peor-caso-bt,BT-PC-1830,1830,1001,instancias/peor-caso-bt/BT-PC-1830.txt
peor-caso-bt,BT-PC-1840,1840,1001,instancias/peor-caso-bt/BT-PC-1840.txt
peor-caso-bt,BT-PC-1850,1850,1001,instancias/peor-caso-bt/BT-PC-1850.txt
peor-caso-bt,BT-PC-1860,1860,1001,instancias/peor-caso-bt/BT-PC-1860.txt
peor-caso-bt,BT-PC-1870,1870,1001,instancias/peor-caso-bt/BT-PC-1870.txt
peor-caso-bt,BT-PC-1880,1880,1001,instancias/peor-caso-bt/BT-PC-1880.txt
peor-caso-bt,BT-PC-1890,1890,1001,instancias/peor-caso-bt/BT-PC-1890.txt
peor-caso-bt,BT-PC-1900,1900,1001,instancias/peor-caso-bt/BT-PC-1900.txt
peor-caso-bt,BT-PC-1910,1910,1001,instancias/peor-caso-bt/BT-PC-1910.txt
peor-caso-bt,BT-PC-1920,1920,1001,instancias/peor-caso-bt/BT-PC-1920.txt
peor-caso-bt,BT-PC-1930,1930,1001,instancias/peor-caso-bt/BT-PC-1930.txt
peor-caso-bt,BT-PC-1940,1940,1001,instancias/peor-caso-bt/BT-PC-1940.txt
peor-caso-bt,BT-PC-1950,1950,1001,instancias/peor-caso-bt/BT-PC-1950.txt
peor-caso-bt,BT-PC-1960,1960,1001,instancias/peor-caso-bt/BT-PC-1960.txt
peor-caso-bt,BT-PC-1970,1970,1001,instancias/peor-caso-bt/BT-PC-1970.txt
peor-caso-bt,BT-PC-1980,1980,1001,instancias/peor-caso-bt/BT-PC-1980.txt
peor-caso-bt,BT-PC-1990,1990,1001,instancias/peor-caso-bt/BT-PC-1990.txt
peor-caso-bt,BT-PC-2000,2000,1001,instancias/peor-caso-bt/BT-PC-2000.txt
peor-caso-bt,BT-PC-2010,2010,1001,instancias/peor-caso-bt/BT-PC-2010.txt
peor-caso-bt,BT-PC-2020,2020,1001,instancias/peor-caso-bt/BT-PC-2020.txt
peor-caso-bt,BT-PC-2030,2030,1001,instancias/peor-caso-bt/BT-PC-2030.txt
peor-caso-bt,BT-PC-2040,2040,1001,instancias/peor-caso-bt/BT-PC-2040.txt
peor-caso-bt,BT-PC-2050,2050,1001,instancias/peor-caso-bt/BT-PC-2050.txt
peor-caso-bt,BT-PC-2060,2060,1001,instancias/peor-caso-bt/BT-PC-2060.txt
peor-caso-bt,BT-PC-2070,2070,1001,instancias/peor-caso-bt/BT-PC-2070.txt
peor-caso-bt,BT-PC-2080,2080,1001,instancias/peor-caso-bt/BT-PC-2080.txt
peor-caso-bt,BT-PC-2090,2090,1001,instancias/peor-caso-bt/BT-PC-2090.txt
peor-caso-bt,BT-PC-2100,2100,1001,instancias/peor-caso-bt/BT-PC-2100.txt
peor-caso-bt,BT-PC-2110,2110,1001,instancias/peor-caso-bt/BT-PC-2110.txt
peor-caso-bt,BT-PC-2120,2120,1001,instancias/peor-caso-bt/BT-PC-2120.txt
peor-caso-bt,BT-PC-2130,2130,1001,instancias/peor-caso-bt/BT-PC-2130.txt
peor-caso-bt,BT-PC-2140,2140,1001,instancias/peor-caso-bt/BT-PC-2140.txt
peor-caso-bt,BT-PC-2150,2150,1001,instancias/peor-caso-bt/BT-PC-2150.txt
peor-caso-bt,BT-PC-2160,2160,1001,instancias/peor-caso-bt/BT-PC-2160.txt
peor-caso-bt,BT-PC-2170,2170,1001,instancias/peor-caso-bt/BT-PC-2170.txt
peor-caso-bt,BT-PC-2180,2180,1001,instancias/peor-caso-bt/BT-PC-2180.txt
peor-caso-bt,BT-PC-2190,2190,1001,instancias/peor-caso-bt/BT-PC-2190.txt
peor-caso-bt,BT-PC-2200,2200,1001,instancias/peor-caso-bt/BT-PC-2200.txt
peor-caso-bt,BT-PC-2210,2210,1001,instancias/peor-caso-bt/BT-PC-2210.txt
peor-caso-bt,BT-PC-2220,2220,1001,instancias/peor-caso-bt/BT-PC-2220.txt
peor-caso-bt,BT-PC-2230,2230,1001,instancias/peor-caso-bt/BT-PC-2230.txt
peor-caso-bt,BT-PC-2240,2240,1001,instancias/peor-caso-bt/BT-PC-2240.txt
peor-caso-bt,BT-PC-2250,2250,1001,instancias/peor-caso-bt/BT-PC-2250.txt
peor-caso-bt,BT-PC-2260,2260,1001,instancias/peor-caso-bt/BT-PC-2260.txt
peor-caso-bt,BT-PC-2270,2270,1001,instancias/peor-caso-bt/BT-PC-2270.txt
peor-caso-bt,BT-PC-2280,2280,1001,instancias/peor-caso-bt/BT-PC-2280.txt
peor-caso-bt,BT-PC-2290,2290,1001,instancias/peor-caso-bt/BT-PC-2290.txt
peor-caso-bt,BT-PC-2300,2300,1001,instancias/peor-caso-bt/BT-PC-2300.txt
peor-caso-bt,BT-PC-2310,2310,1001,instancias/peor-caso-bt/BT-PC-2310.txt
peor-caso-bt,BT-PC-2320,2320,1001,instancias/peor-caso-bt/BT-PC-2320.txt
peor-caso-bt,BT-PC-2330,2330,1001,instancias/peor-caso-bt/BT-PC-2330.txt
peor-caso-bt,BT-PC-2340,2340,1001,instancias/peor-caso-bt/BT-PC-2340.txt
peor-caso-bt,BT-PC-2350,2350,1001,instancias/peor-caso-bt/BT-PC-2350.txt
peor-caso-bt,BT-PC-2360,2360,1001,instancias/peor-caso-bt/BT-PC-2360.txt
peor-caso-bt,BT-PC-2370,2370,1001,instancias/peor-caso-bt/BT-PC-2370.txt
peor-caso-bt,BT-PC-2380,2380,1001,instancias/peor-caso-bt/BT-PC-2380.txt
peor-caso-bt,BT-PC-2390,2390,1001,instancias/peor-caso-bt/BT-PC-2390.txt
peor-caso-bt,BT-PC-2400,2400,1001,instancias/peor-caso-bt/BT-PC-2400.txt
peor-caso-bt,BT-PC-2410,2410,1001,instancias/peor-caso-bt/BT-PC-2410.txt
peor-caso-bt,BT-PC-2420,2420,1001,instancias/peor-caso-bt/BT-PC-2420.txt
peor-caso-bt,BT-PC-2430,2430,1001,instancias/peor-caso-bt/BT-PC-2430.txt
peor-caso-bt,BT-PC-2440,2440,1001,instancias/peor-caso-bt/BT-PC-2440.txt
peor-caso-bt,BT-PC-2450,2450,1001,instancias/peor-caso-bt/BT-PC-2450.txt
peor-caso-bt,BT-PC-2460,2460,1001,instancias/peor-caso-bt/BT-PC-2460.txt
peor-caso-bt,BT-PC-2470,2470,1001,instancias/peor-caso-bt/BT-PC-2470.txt
peor-caso-bt,BT-PC-2480,2480,1001,instancias/peor-caso-bt/BT-PC-2480.txt
peor-caso-bt,BT-PC-2490,2490,1001,instancias/peor-caso-bt/BT-PC-2490.txt
peor-caso-bt,BT-PC-2500,2500,1001,instancias/peor-caso-bt/BT-PC-2500.txt
peor-caso-bt,BT-PC-2510,2510,1001,instancias/peor-caso-bt/BT-PC-2510.txt
peor-caso-bt,BT-PC-2520,2520,1001,instancias/peor-caso-bt/BT-PC-2520.txt
peor-caso-bt,BT-PC-2530,2530,1001,instancias/peor-caso-bt/BT-PC-2530.txt
peor-caso-bt,BT-PC-2540,2540,1001,instancias/peor-caso-bt/BT-PC-2540.txt
peor-caso-bt,BT-PC-2550,2550,1001,instancias/peor-caso-bt/BT-PC-2550.txt
peor-caso-bt,BT-PC-2560,2560,1001,instancias/peor-caso-bt/BT-PC-2560.txt
peor-caso-bt,BT-PC-2570,2570,1001,instancias/peor-caso-bt/BT-PC-2570.txt
peor-caso-bt,BT-PC-2580,2580,1001,instancias/peor-caso-bt/BT-PC-2580.txt
peor-caso-bt,BT-PC-2590,2590,1001,instancias/peor-caso-bt/BT-PC-2590.txt
peor-caso-bt,BT-PC-2600,2600,1001,instancias/peor-caso-bt/BT-PC-2600.txt
peor-caso-bt,BT-PC-2610,2610,1001,instancias/peor-caso-bt/BT-PC-2610.txt
peor-caso-bt,BT-PC-2620,2620,1001,instancias/peor-caso-bt/BT-PC-2620.txt
peor-caso-bt,BT-PC-2630,2630,1001,instancias/peor-caso-bt/BT-PC-2630.txt
peor-caso-bt,BT-PC-2640,2640,1001,instancias/peor-caso-bt/BT-PC-2640.txt
peor-caso-bt,BT-PC-2650,2650,1001,instancias/peor-caso-bt/BT-PC-2650.txt
peor-caso-bt,BT-PC-2660,2660,1001,instancias/peor-caso-bt/BT-PC-2660.txt
peor-caso-bt,BT-PC-2670,2670,1001,instancias/peor-caso-bt/BT-PC-2670.txt
peor-caso-bt,BT-PC-2680,2680,1001,instancias/peor-caso-bt/BT-PC-2680.txt
peor-caso-bt,BT-PC-2690,2690,1001,instancias/peor-caso-bt/BT-PC-2690.txt
peor-caso-bt,BT-PC-2700,2700,1001,instancias/peor-caso-bt/BT-PC-2700.txt
peor-caso-bt,BT-PC-2710,2710,1001,instancias/peor-caso-bt/BT-PC-2710.txt
peor-caso-bt,BT-PC-2720,2720,1001,instancias/peor-caso-bt/BT-PC-2720.txt
peor-caso-bt,BT-PC-2730,2730,1001,instancias/peor-caso-bt/BT-PC-2730.txt
peor-caso-bt,BT-PC-2740,2740,1001,instancias/peor-caso-bt/BT-PC-2740.txt
peor-caso-bt,BT-PC-2750,2750,1001,instancias/peor-caso-bt/BT-PC-2750.txt
peor-caso-bt,BT-PC-2760,2760,1001,instancias/peor-caso-bt/BT-PC-2760.txt
peor-caso-bt,BT-PC-2770,2770,1001,instancias/peor-caso-bt/BT-PC-2770.txt
peor-caso-bt,BT-PC-2780,2780,1001,instancias/peor-caso-bt/BT-PC-2780.txt
peor-caso-bt,BT-PC-2790,2790,1001,instancias/peor-caso-bt/BT-PC-2790.txt
peor-caso-bt,BT-PC-2800,2800,1001,instancias/peor-caso-bt/BT-PC-2800.txt
peor-caso-bt,BT-PC-2810,2810,1001,instancias/peor-caso-bt/BT-PC-2810.txt
peor-caso-bt,BT-PC-2820,2820,1001,instancias/peor-caso-bt/BT-PC-2820.txt
peor-caso-bt,BT-PC-2830,2830,1001,instancias/peor-caso-bt/BT-PC-2830.txt
peor-caso-bt,BT-PC-2840,2840,1001,instancias/peor-caso-bt/BT-PC-2840.txt
peor-caso-bt,BT-PC-2850,2850,1001,instancias/peor-caso-bt/BT-PC-2850.txt
peor-caso-bt,BT-PC-2860,2860,1001,instancias/peor-caso-bt/BT-PC-2860.txt
peor-caso-bt,BT-PC-2870,2870,1001,instancias/peor-caso-bt/BT-PC-2870.txt
peor-caso-bt,BT-PC-2880,2880,1001,instancias/peor-caso-bt/BT-PC-2880.txt
peor-caso-bt,BT-PC-2890,2890,1001,instancias/peor-caso-bt/BT-PC-2890.txt
peor-caso-bt,BT-PC-2900,2900,1001,instancias/peor-caso-bt/BT-PC-2900.txt
peor-caso-bt,BT-PC-2910,2910,1001,instancias/peor-caso-bt/BT-PC-2910.txt
peor-caso-bt,BT-PC-2920,2920,1001,instancias/peor-caso-bt/BT-PC-2920.txt
peor-caso-bt,BT-PC-2930,2930,1001,instancias/peor-caso-bt/BT-PC-2930.txt
peor-caso-bt,BT-PC-2940,2940,1001,instancias/peor-caso-bt/BT-PC-2940.txt
peor-caso-bt,BT-PC-2950,2950,1001,instancias/peor-caso-bt/BT-PC-2950.txt
peor-caso-bt,BT-PC-2960,2960,1001,instancias/peor-caso-bt/BT-PC-2960.txt
peor-caso-bt,BT-PC-2970,2970,1001,instancias/peor-caso-bt/BT-PC-2970.txt
peor-caso-bt,BT-PC-2980,2980,1001,instancias/peor-caso-bt/BT-PC-2980.txt
peor-caso-bt,BT-PC-2990,2990,1001,instancias/peor-caso-bt/BT-PC-2990.txt
peor-caso-bt,BT-PC-3000,3000,1001,instancias/peor-caso-bt/BT-PC-3000.txt
peor-caso-bt,BT-PC-3010,3010,1001,instancias/peor-caso-bt/BT-PC-3010.txt
peor-caso-bt,BT-PC-3020,3020,1001,instancias/peor-caso-bt/BT-PC-3020.txt
peor-caso-bt,BT-PC-3030,3030,1001,instancias/peor-caso-bt/BT-PC-3030.txt
peor-caso-bt,BT-PC-3040,3040,1001,instancias/peor-caso-bt/BT-PC-3040.txt
peor-caso-bt,BT-PC-3050,3050,1001,instancias/peor-caso-bt/BT-PC-3050.txt
peor-caso-bt,BT-PC-3060,3060,1001,instancias/peor-caso-bt/BT-PC-3060.txt
peor-caso-bt,BT-PC-3070,3070,1001,instancias/peor-caso-bt/BT-PC-3070.txt
peor-caso-bt,BT-PC-3080,3080,1001,instancias/peor-caso-bt/BT-PC-3080.txt
peor-caso-bt,BT-PC-3090,3090,1001,instancias/peor-caso-bt/BT-PC-3090.txt
peor-caso-bt,BT-PC-3100,3100,1001,instancias/peor-caso-bt/BT-PC-3100.txt
peor-caso-bt,BT-PC-3110,3110,1001,instancias/peor-caso-bt/BT-PC-3110.txt
peor-caso-bt,BT-PC-3120,3120,1001,instancias/peor-caso-bt/BT-PC-3120.txt
peor-caso-bt,BT-PC-3130,3130,1001,instancias/peor-caso-bt/BT-PC-3130.txt
peor-caso-bt,BT-PC-3140,3140,1001,instancias/peor-caso-bt/BT-PC-3140.txt
peor-caso-bt,BT-PC-3150,3150,1001,instancias/peor-caso-bt/BT-PC-3150.txt
peor-caso-bt,BT-PC-3160,3160,1001,instancias/peor-caso-bt/BT-PC-3160.txt
peor-caso-bt,BT-PC-3170,3170,1001,instancias/peor-caso-bt/BT-PC-3170.txt
peor-caso-bt,BT-PC-3180,3180,1001,instancias/peor-caso-bt/BT-PC-3180.txt
peor-caso-bt,BT-PC-3190,3190,1001,instancias/peor-caso-bt/BT-PC-3190.txt
peor-caso-bt,BT-PC-3200,3200,1001,instancias/peor-caso-bt/BT-PC-3200.txt
peor-caso-bt,BT-PC-3210,3210,1001,instancias/peor-caso-bt/BT-PC-3210.txt
peor-caso-bt,BT-PC-3220,3220,1001,instancias/peor-caso-bt/BT-PC-3220.txt
peor-caso-bt,BT-PC-3230,3230,1001,instancias/peor-caso-bt/BT-PC-3230.txt
peor-caso-bt,BT-PC-3240,3240,1001,instancias/peor-caso-bt/BT-PC-3240.txt
peor-caso-bt,BT-PC-3250,3250,1001,instancias/peor-caso-bt/BT-PC-3250.txt
peor-caso-bt,BT-PC-3260,3260,1001,instancias/peor-caso-bt/BT-PC-3260.txt
peor-caso-bt,BT-PC-3270,3270,1001,instancias/peor-caso-bt/BT-PC-3270.txt
peor-caso-bt,BT-PC-3280,3280,1001,instancias/peor-caso-bt/BT-PC-3280.txt
peor-caso-bt,BT-PC-3290,3290,1001,instancias/peor-caso-bt/BT-PC-3290.txt
peor-caso-bt,BT-PC-3300,3300,1001,instancias/peor-caso-bt/BT-PC-3300.txt
peor-caso-bt,BT-PC-3310,3310,1001,instancias/peor-caso-bt/BT-PC-3310.txt
peor-caso-bt,BT-PC-3320,3320,1001,instancias/peor-caso-bt/BT-PC-3320.txt
peor-caso-bt,BT-PC-3330,3330,1001,instancias/peor-caso-bt/BT-PC-3330.txt
peor-caso-bt,BT-PC-3340,3340,1001,instancias/peor-caso-bt/BT-PC-3340.txt
peor-caso-bt,BT-PC-3350,3350,1001,instancias/peor-caso-bt/BT-PC-3350.txt
peor-caso-bt,BT-PC-3360,3360,1001,instancias/peor-caso-bt/BT-PC-3360.txt
peor-caso-bt,BT-PC-3370,3370,1001,instancias/peor-caso-bt/BT-PC-3370.txt
peor-caso-bt,BT-PC-3380,3380,1001,instancias/peor-caso-bt/BT-PC-3380.txt
peor-caso-bt,BT-PC-3390,3390,1001,instancias/peor-caso-bt/BT-PC-3390.txt
peor-caso-bt,BT-PC-3400,3400,1001,instancias/peor-caso-bt/BT-PC-3400.txt
peor-caso-bt,BT-PC-3410,3410,1001,instancias/peor-caso-bt/BT-PC-3410.txt
peor-caso-bt,BT-PC-3420,3420,1001,instancias/peor-caso-bt/BT-PC-3420.txt
peor-caso-bt,BT-PC-3430,3430,1001,instancias/peor-caso-bt/BT-PC-3430.txt
peor-caso-bt,BT-PC-3440,3440,1001,instancias/peor-caso-bt/BT-PC-3440.txt
peor-caso-bt,BT-PC-3450,3450,1001,instancias/peor-caso-bt/BT-PC-3450.txt
peor-caso-bt,BT-PC-3460,3460,1001,instancias/peor-caso-bt/BT-PC-3460.txt
peor-caso-bt,BT-PC-3470,3470,1001,instancias/peor-caso-bt/BT-PC-3470.txt
peor-caso-bt,BT-PC-3480,3480,1001,instancias/peor-caso-bt/BT-PC-3480.txt
peor-caso-bt,BT-PC-3490,3490,1001,instancias/peor-caso-bt/BT-PC-3490.txt
peor-caso-bt,BT-PC-3500,3500,1001,instancias/peor-caso-bt/BT-PC-3500.txt
peor-caso-bt,BT-PC-3510,3510,1001,instancias/peor-caso-bt/BT-PC-3510.txt
peor-caso-bt,BT-PC-3520,3520,1001,instancias/peor-caso-bt/BT-PC-3520.txt
peor-caso-bt,BT-PC-3530,3530,1001,instancias/peor-caso-bt/BT-PC-3530.txt
peor-caso-bt,BT-PC-3540,3540,1001,instancias/peor-caso-bt/BT-PC-3540.txt
peor-caso-bt,BT-PC-3550,3550,1001,instancias/peor-caso-bt/BT-PC-3550.txt
peor-caso-bt,BT-PC-3560,3560,1001,instancias/peor-caso-bt/BT-PC-3560.txt
peor-caso-bt,BT-PC-3570,3570,1001,instancias/peor-caso-bt/BT-PC-3570.txt
peor-caso-bt,BT-PC-3580,3580,1001,instancias/peor-caso-bt/BT-PC-3580.txt
peor-caso-bt,BT-PC-3590,3590,1001,instancias/peor-caso-bt/BT-PC-3590.txt
peor-caso-bt,BT-PC-3600,3600,1001,instancias/peor-caso-bt/BT-PC-3600.txt
peor-caso-bt,BT-PC-3610,3610,1001,instancias/peor-caso-bt/BT-PC-3610.txt
peor-caso-bt,BT-PC-3620,3620,1001,instancias/peor-caso-bt/BT-PC-3620.txt
peor-caso-bt,BT-PC-3630,3630,1001,instancias/peor-caso-bt/BT-PC-3630.txt
peor-caso-bt,BT-PC-3640,3640,1001,instancias/peor-caso-bt/BT-PC-3640.txt
peor-caso-bt,BT-PC-3650,3650,1001,instancias/peor-caso-bt/BT-PC-3650.txt
peor-caso-bt,BT-PC-3660,3660,1001,instancias/peor-caso-bt/BT-PC-3660.txt
peor-caso-bt,BT-PC-3670,3670,1001,instancias/peor-caso-bt/BT-PC-3670.txt
peor-caso-bt,BT-PC-3680,3680,1001,instancias/peor-caso-bt/BT-PC-3680.txt
peor-caso-bt,BT-PC-3690,3690,1001,instancias/peor-caso-bt/BT-PC-3690.txt
peor-caso-bt,BT-PC-3700,3700,1001,instancias/peor-caso-bt/BT-PC-3700.txt
peor-caso-bt,BT-PC-3710,3710,1001,instancias/peor-caso-bt/BT-PC-3710.txt
peor-caso-bt,BT-PC-3720,3720,1001,instancias/peor-caso-bt/BT-PC-3720.txt
peor-caso-bt,BT-PC-3730,3730,1001,instancias/peor-caso-bt/BT-PC-3730.txt
peor-caso-bt,BT-PC-3740,3740,1001,instancias/peor-caso-bt/BT-PC-3740.txt
peor-caso-bt,BT-PC-3750,3750,1001,instancias/peor-caso-bt/BT-PC-3750.txt
peor-caso-bt,BT-PC-3760,3760,1001,instancias/peor-caso-bt/BT-PC-3760.txt
peor-caso-bt,BT-PC-3770,3770,1001,instancias/peor-caso-bt/BT-PC-3770.txt
peor-caso-bt,BT-PC-3780,3780,1001,instancias/peor-caso-bt/BT-PC-3780.txt
peor-caso-bt,BT-PC-3790,3790,1001,instancias/peor-caso-bt/BT-PC-3790.txt
peor-caso-bt,BT-PC-3800,3800,1001,instancias/peor-caso-bt/BT-PC-3800.txt
peor-caso-bt,BT-PC-3810,3810,1001,instancias/peor-caso-bt/BT-PC-3810.txt
peor-caso-bt,BT-PC-3820,3820,1001,instancias/peor-caso-bt/BT-PC-3820.txt
peor-caso-bt,BT-PC-3830,3830,1001,instancias/peor-caso-bt/BT-PC-3830.txt
peor-caso-bt,BT-PC-3840,3840,1001,instancias/peor-caso-bt/BT-PC-3840.txt
peor-caso-bt,BT-PC-3850,3850,1001,instancias/peor-caso-bt/BT-PC-3850.txt
peor-caso-bt,BT-PC-3860,3860,1001,instancias/peor-caso-bt/BT-PC-3860.txt
peor-caso-bt,BT-PC-3870,3870,1001,instancias/peor-caso-bt/BT-PC-3870.txt
peor-caso-bt,BT-PC-3880,3880,1001,instancias/peor-caso-bt/BT-PC-3880.txt
peor-caso-bt,BT-PC-3890,3890,1001,instancias/peor-caso-bt/BT-PC-3890.txt
peor-caso-bt,BT-PC-3900,3900,1001,instancias/peor-caso-bt/BT-PC-3900.txt
peor-caso-bt,BT-PC-3910,3910,1001,instancias/peor-caso-bt/BT-PC-3910.txt
peor-caso-bt,BT-PC-3920,3920,1001,instancias/peor-caso-bt/BT-PC-3920.txt
peor-caso-bt,BT-PC-3930,3930,1001,instancias/peor-caso-bt/BT-PC-3930.txt
peor-caso-bt,BT-PC-3940,3940,1001,instancias/peor-caso-bt/BT-PC-3940.txt
peor-caso-bt,BT-PC-3950,3950,1001,instancias/peor-caso-bt/BT-PC-3950.txt
peor-caso-bt,BT-PC-3960,3960,1001,instancias/peor-caso-bt/BT-PC-3960.txt
peor-caso-bt,BT-PC-3970,3970,1001,instancias/peor-caso-bt/BT-PC-3970.txt
peor-caso-bt,BT-PC-3980,3980,1001,instancias/peor-caso-bt/BT-PC-3980.txt
peor-caso-bt,BT-PC-3990,3990,1001,instancias/peor-caso-bt/BT-PC-3990.txt
peor-caso-bt,BT-PC-4000,4000,1001,instancias/peor-caso-bt/BT-PC-4000.txt
peor-caso-bt,BT-PC-4010,4010,1001,instancias/peor-caso-bt/BT-PC-4010.txt
peor-caso-bt,BT-PC-4020,4020,1001,instancias/peor-caso-bt/BT-PC-4020.txt
peor-caso-bt,BT-PC-4030,4030,1001,instancias/peor-caso-bt/BT-PC-4030.txt
peor-caso-bt,BT-PC-4040,4040,1001,instancias/peor-caso-bt/BT-PC-4040.txt
peor-caso-bt,BT-PC-4050,4050,1001,instancias/peor-caso-bt/BT-PC-4050.txt
peor-caso-bt,BT-PC-4060,4060,1001,instancias/peor-caso-bt/BT-PC-4060.txt
peor-caso-bt,BT-PC-4070,4070,1001,instancias/peor-caso-bt/BT-PC-4070.txt
peor-caso-bt,BT-PC-4080,4080,1001,instancias/peor-caso-bt/BT-PC-4080.txt
peor-caso-bt,BT-PC-4090,4090,1001,instancias/peor-caso-bt/BT-PC-4090.txt
peor-caso-bt,BT-PC-4100,4100,1001,instancias/peor-caso-bt/BT-PC-4100.txt
peor-caso-bt,BT-PC-4110,4110,1001,instancias/peor-caso-bt/BT-PC-4110.txt
peor-caso-bt,BT-PC-4120,4120,1001,instancias/peor-caso-bt/BT-PC-4120.txt
peor-caso-bt,BT-PC-4130,4130,1001,instancias/peor-caso-bt/BT-PC-4130.txt
peor-caso-bt,BT-PC-4140,4140,1001,instancias/peor-caso-bt/BT-PC-4140.txt
peor-caso-bt,BT-PC-4150,4150,1001,instancias/peor-caso-bt/BT-PC-4150.txt
peor-caso-bt,BT-PC-4160,4160,1001,instancias/peor-caso-bt/BT-PC-4160.txt
peor-caso-bt,BT-PC-4170,4170,1001,instancias/peor-caso-bt/BT-PC-4170.txt
peor-caso-bt,BT-PC-4180,4180,1001,instancias/peor-caso-bt/BT-PC-4180.txt
peor-caso-bt,BT-PC-4190,4190,1001,instancias/peor-caso-bt/BT-PC-4190.txt
peor-caso-bt,BT-PC-4200,4200,1001,instancias/peor-caso-bt/BT-PC-4200.txt
peor-caso-bt,BT-PC-4210,4210,1001,instancias/peor-caso-bt/BT-PC-4210.txt
peor-caso-bt,BT-PC-4220,4220,1001,instancias/peor-caso-bt/BT-PC-4220.txt
peor-caso-bt,BT-PC-4230,4230,1001,instancias/peor-caso-bt/BT-PC-4230.txt
peor-caso-bt,BT-PC-4240,4240,1001,instancias/peor-caso-bt/BT-PC-4240.txt
peor-caso-bt,BT-PC-4250,4250,1001,instancias/peor-caso-bt/BT-PC-4250.txt
peor-caso-bt,BT-PC-4260,4260,1001,instancias/peor-caso-bt/BT-PC-4260.txt
peor-caso-bt,BT-PC-4270,4270,1001,instancias/peor-caso-bt/BT-PC-4270.txt
peor-caso-bt,BT-PC-4280,4280,1001,instancias/peor-caso-bt/BT-PC-4280.txt
peor-caso-bt,BT-PC-4290,4290,1001,instancias/peor-caso-bt/BT-PC-4290.txt
peor-caso-bt,BT-PC-4300,4300,1001,instancias/peor-caso-bt/BT-PC-4300.txt
peor-caso-bt,BT-PC-4310,4310,1001,instancias/peor-caso-bt/BT-PC-4310.txt
peor-caso-bt,BT-PC-4320,4320,1001,instancias/peor-caso-bt/BT-PC-4320.txt
peor-caso-bt,BT-PC-4330,4330,1001,instancias/peor-caso-bt/BT-PC-4330.txt
peor-caso-bt,BT-PC-4340,4340,1001,instancias/peor-caso-bt/BT-PC-4340.txt
peor-caso-bt,BT-PC-4350,4350,1001,instancias/peor-caso-bt/BT-PC-4350.txt
peor-caso-bt,BT-PC-4360,4360,1001,instancias/peor-caso-bt/BT-PC-4360.txt
peor-caso-bt,BT-PC-4370,4370,1001,instancias/peor-caso-bt/BT-PC-4370.txt
peor-caso-bt,BT-PC-4380,4380,1001,instancias/peor-caso-bt/BT-PC-4380.txt
peor-caso-bt,BT-PC-4390,4390,1001,instancias/peor-caso-bt/BT-PC-4390.txt
peor-caso-bt,BT-PC-4400,4400,1001,instancias/peor-caso-bt/BT-PC-4400.txt
peor-caso-bt,BT-PC-4410,4410,1001,instancias/peor-caso-bt/BT-PC-4410.txt
peor-caso-bt,BT-PC-4420,4420,1001,instancias/peor-caso-bt/BT-PC-4420.txt
peor-caso-bt,BT-PC-4430,4430,1001,instancias/peor-caso-bt/BT-PC-4430.txt
peor-caso-bt,BT-PC-4440,4440,1001,instancias/peor-caso-bt/BT-PC-4440.txt
peor-caso-bt,BT-PC-4450,4450,1001,instancias/peor-caso-bt/BT-PC-4450.txt
peor-caso-bt,BT-PC-4460,4460,1001,instancias/peor-caso-bt/BT-PC-4460.txt
peor-caso-bt,BT-PC-4470,4470,1001,instancias/peor-caso-bt/BT-PC-4470.txt
peor-caso-bt,BT-PC-4480,4480,1001,instancias/peor-caso-bt/BT-PC-4480.txt
peor-caso-bt,BT-PC-4490,4490,1001,instancias/peor-caso-bt/BT-PC-4490.txt
peor-caso-bt,BT-PC-4500,4500,1001,instancias/peor-caso-bt/BT-PC-4500.txt
peor-caso-bt,BT-PC-4510,4510,1001,instancias/peor-caso-bt/BT-PC-4510.txt
peor-caso-bt,BT-PC-4520,4520,1001,instancias/peor-caso-bt/BT-PC-4520.txt
peor-caso-bt,BT-PC-4530,4530,1001,instancias/peor-caso-bt/BT-PC-4530.txt
peor-caso-bt,BT-PC-4540,4540,1001,instancias/peor-caso-bt/BT-PC-4540.txt
peor-caso-bt,BT-PC-4550,4550,1001,instancias/peor-caso-bt/BT-PC-4550.txt
peor-caso-bt,BT-PC-4560,4560,1001,instancias/peor-caso-bt/BT-PC-4560.txt
peor-caso-bt,BT-PC-4570,4570,1001,instancias/peor-caso-bt/BT-PC-4570.txt
peor-caso-bt,BT-PC-4580,4580,1001,instancias/peor-caso-bt/BT-PC-4580.txt
peor-caso-bt,BT-PC-4590,4590,1001,instancias/peor-caso-bt/BT-PC-4590.txt
peor-caso-bt,BT-PC-4600,4600,1001,instancias/peor-caso-bt/BT-PC-4600.txt
peor-caso-bt,BT-PC-4610,4610,1001,instancias/peor-caso-bt/BT-PC-4610.txt
peor-caso-bt,BT-PC-4620,4620,1001,instancias/peor-caso-bt/BT-PC-4620.txt
peor-caso-bt,BT-PC-4630,4630,1001,instancias/peor-caso-bt/BT-PC-4630.txt
peor-caso-bt,BT-PC-4640,4640,1001,instancias/peor-caso-bt/BT-PC-4640.txt
peor-caso-bt,BT-PC-4650,4650,1001,instancias/peor-caso-bt/BT-PC-4650.txt
peor-caso-bt,BT-PC-4660,4660,1001,instancias/peor-caso-bt/BT-PC-4660.txt
peor-caso-bt,BT-PC-4670,4670,1001,instancias/peor-caso-bt/BT-PC-4670.txt
peor-caso-bt,BT-PC-4680,4680,1001,instancias/peor-caso-bt/BT-PC-4680.txt
peor-caso-bt,BT-PC-4690,4690,1001,instancias/peor-caso-bt/BT-PC-4690.txt
peor-caso-bt,BT-PC-4700,4700,1001,instancias/peor-caso-bt/BT-PC-4700.txt
peor-caso-bt,BT-PC-4710,4710,1001,instancias/peor-caso-bt/BT-PC-4710.txt
peor-caso-bt,BT-PC-4720,4720,1001,instancias/peor-caso-bt/BT-PC-4720.txt
peor-caso-bt,BT-PC-4730,4730,1001,instancias/peor-caso-bt/BT-PC-4730.txt
peor-caso-bt,BT-PC-4740,4740,1001,instancias/peor-caso-bt/BT-PC-4740.txt
peor-caso-bt,BT-PC-4750,4750,1001,instancias/peor-caso-bt/BT-PC-4750.txt
peor-caso-bt,BT-PC-4760,4760,1001,instancias/peor-caso-bt/BT-PC-4760.txt
peor-caso-bt,BT-PC-4770,4770,1001,instancias/peor-caso-bt/BT-PC-4770.txt
peor-caso-bt,BT-PC-4780,4780,1001,instancias/peor-caso-bt/BT-PC-4780.txt
peor-caso-bt,BT-PC-4790,4790,1001,instancias/peor-caso-bt/BT-PC-4790.txt
peor-caso-bt,BT-PC-4800,4800,1001,instancias/peor-caso-bt/BT-PC-4800.txt
peor-caso-bt,BT-PC-4810,4810,1001,instancias/peor-caso-bt/BT-PC-4810.txt
peor-caso-bt,BT-PC-4820,4820,1001,instancias/peor-caso-bt/BT-PC-4820.txt
peor-caso-bt,BT-PC-4830,4830,1001,instancias/peor-caso-bt/BT-PC-4830.txt
peor-caso-bt,BT-PC-4840,4840,1001,instancias/peor-caso-bt/BT-PC-4840.txt
peor-caso-bt,BT-PC-4850,4850,1001,instancias/peor-caso-bt/BT-PC-4850.txt
peor-caso-bt,BT-PC-4860,4860,1001,instancias/peor-caso-bt/BT-PC-4860.txt
peor-caso-bt,BT-PC-4870,4870,1001,instancias/peor-caso-bt/BT-PC-4870.txt
peor-caso-bt,BT-PC-4880,4880,1001,instancias/peor-caso-bt/BT-PC-4880.txt
peor-caso-bt,BT-PC-4890,4890,1001,instancias/peor-caso-bt/BT-PC-4890.txt
peor-caso-bt,BT-PC-4900,4900,1001,instancias/peor-caso-bt/BT-PC-4900.txt
peor-caso-bt,BT-PC-4910,4910,1001,instancias/peor-caso-bt/BT-PC-4910.txt
peor-caso-bt,BT-PC-4920,4920,1001,instancias/peor-caso-bt/BT-PC-4920.txt
peor-caso-bt,BT-PC-4930,4930,1001,instancias/peor-caso-bt/BT-PC-4930.txt
peor-caso-bt,BT-PC-4940,4940,1001,instancias/peor-caso-bt/BT-PC-4940.txt
peor-caso-bt,BT-PC-4950,4950,1001,instancias/peor-caso-bt/BT-PC-4950.txt
peor-caso-bt,BT-PC-4960,4960,1001,instancias/peor-caso-bt/BT-PC-4960.txt
peor-caso-bt,BT-PC-4970,4970,1001,instancias/peor-caso-bt/BT-PC-4970.txt
peor-caso-bt,BT-PC-4980,4980,1001,instancias/peor-caso-bt/BT-PC-4980.txt
peor-caso-bt,BT-PC-4990,4990,1001,instancias/peor-caso-bt/BT-PC-4990.txt
peor-caso-bt,BT-PC-5000,5000,1001,instancias/peor-caso-bt/BT-PC-5000.txt
peor-caso-bt,BT-PC-5010,5010,1001,instancias/peor-caso-bt/BT-PC-5010.txt
peor-caso-bt,BT-PC-5020,5020,1001,instancias/peor-caso-bt/BT-PC-5020.txt
peor-caso-bt,BT-PC-5030,5030,1001,instancias/peor-caso-bt/BT-PC-5030.txt
peor-caso-bt,BT-PC-5040,5040,1001,instancias/peor-caso-bt/BT-PC-5040.txt
peor-caso-bt,BT-PC-5050,5050,1001,instancias/peor-caso-bt/BT-PC-5050.txt
peor-caso-bt,BT-PC-5060,5060,1001,instancias/peor-caso-bt/BT-PC-5060.txt
peor-caso-bt,BT-PC-5070,5070,1001,instancias/peor-caso-bt/BT-PC-5070.txt
peor-caso-bt,BT-PC-5080,5080,1001,instancias/peor-caso-bt/BT-PC-5080.txt
peor-caso-bt,BT-PC-5090,5090,1001,instancias/peor-caso-bt/BT-PC-5090.txt
peor-caso-bt,BT-PC-5100,5100,1001,instancias/peor-caso-bt/BT-PC-5100.txt
peor-caso-bt,BT-PC-5110,5110,1001,instancias/peor-caso-bt/BT-PC-5110.txt
peor-caso-bt,BT-PC-5120,5120,1001,instancias/peor-caso-bt/BT-PC-5120.txt
peor-caso-bt,BT-PC-5130,5130,1001,instancias/peor-caso-bt/BT-PC-5130.txt
peor-caso-bt,BT-PC-5140,5140,1001,instancias/peor-caso-bt/BT-PC-5140.txt
peor-caso-bt,BT-PC-5150,5150,1001,instancias/peor-caso-bt/BT-PC-5150.txt
peor-caso-bt,BT-PC-5160,5160,1001,instancias/peor-caso-bt/BT-PC-5160.txt
peor-caso-bt,BT-PC-5170,5170,1001,instancias/peor-caso-bt/BT-PC-5170.txt
peor-caso-bt,BT-PC-5180,5180,1001,instancias/peor-caso-bt/BT-PC-5180.txt
peor-caso-bt,BT-PC-5190,5190,1001,instancias/peor-caso-bt/BT-PC-5190.txt
peor-caso-bt,BT-PC-5200,5200,1001,instancias/peor-caso-bt/BT-PC-5200.txt
peor-caso-bt,BT-PC-5210,5210,1001,instancias/peor-caso-bt/BT-PC-5210.txt
peor-caso-bt,BT-PC-5220,5220,1001,instancias/peor-caso-bt/BT-PC-5220.txt
peor-caso-bt,BT-PC-5230,5230,1001,instancias/peor-caso-bt/BT-PC-5230.txt
peor-caso-bt,BT-PC-5240,5240,1001,instancias/peor-caso-bt/BT-PC-5240.txt
peor-caso-bt,BT-PC-5250,5250,1001,instancias/peor-caso-bt/BT-PC-5250.txt
peor-caso-bt,BT-PC-5260,5260,1001,instancias/peor-caso-bt/BT-PC-5260.txt
peor-caso-bt,BT-PC-5270,5270,1001,instancias/peor-caso-bt/BT-PC-5270.txt
peor-caso-bt,BT-PC-5280,5280,1001,instancias/peor-caso-bt/BT-PC-5280.txt
peor-caso-bt,BT-PC-5290,5290,1001,instancias/peor-caso-bt/BT-PC-5290.txt
peor-caso-bt,BT-PC-5300,5300,1001,instancias/peor-caso-bt/BT-PC-5300.txt
peor-caso-bt,BT-PC-5310,5310,1001,instancias/peor-caso-bt/BT-PC-5310.txt
peor-caso-bt,BT-PC-5320,5320,1001,instancias/peor-caso-bt/BT-PC-5320.txt
peor-caso-bt,BT-PC-5330,5330,1001,instancias/peor-caso-bt/BT-PC-5330.txt
peor-caso-bt,BT-PC-5340,5340,1001,instancias/peor-caso-bt/BT-PC-5340.txt
peor-caso-bt,BT-PC-5350,5350,1001,instancias/peor-caso-bt/BT-PC-5350.txt
peor-caso-bt,BT-PC-5360,5360,1001,instancias/peor-caso-bt/BT-PC-5360.txt
peor-caso-bt,BT-PC-5370,5370,1001,instancias/peor-caso-bt/BT-PC-5370.txt
peor-caso-bt,BT-PC-5380,5380,1001,instancias/peor-caso-bt/BT-PC-5380.txt
peor-caso-bt,BT-PC-5390,5390,1001,instancias/peor-caso-bt/BT-PC-5390.txt
peor-caso-bt,BT-PC-5400,5400,1001,instancias/peor-caso-bt/BT-PC-5400.txt
peor-caso-bt,BT-PC-5410,5410,1001,instancias/peor-caso-bt/BT-PC-5410.txt
peor-caso-bt,BT-PC-5420,5420,1001,instancias/peor-caso-bt/BT-PC-5420.txt
peor-caso-bt,BT-PC-5430,5430,1001,instancias/peor-caso-bt/BT-PC-5430.txt
peor-caso-bt,BT-PC-5440,5440,1001,instancias/peor-caso-bt/BT-PC-5440.txt
peor-caso-bt,BT-PC-5450,5450,1001,instancias/peor-caso-bt/BT-PC-5450.txt
peor-caso-bt,BT-PC-5460,5460,1001,instancias/peor-caso-bt/BT-PC-5460.txt
peor-caso-bt,BT-PC-5470,5470,1001,instancias/peor-caso-bt/BT-PC-5470.txt
peor-caso-bt,BT-PC-5480,5480,1001,instancias/peor-caso-bt/BT-PC-5480.txt
peor-caso-bt,BT-PC-5490,5490,1001,instancias/peor-caso-bt/BT-PC-5490.txt
peor-caso-bt,BT-PC-5500,5500,1001,instancias/peor-caso-bt/BT-PC-5500.txt
peor-caso-bt,BT-PC-5510,5510,1001,instancias/peor-caso-bt/BT-PC-5510.txt
peor-caso-bt,BT-PC-5520,5520,1001,instancias/peor-caso-bt/BT-PC-5520.txt
peor-caso-bt,BT-PC-5530,5530,1001,instancias/peor-caso-bt/BT-PC-5530.txt
peor-caso-bt,BT-PC-5540,5540,1001,instancias/peor-caso-bt/BT-PC-5540.txt
peor-caso-bt,BT-PC-5550,5550,1001,instancias/peor-caso-bt/BT-PC-5550.txt
peor-caso-bt,BT-PC-5560,5560,1001,instancias/peor-caso-bt/BT-PC-5560.txt
peor-caso-bt,BT-PC-5570,5570,1001,instancias/peor-caso-bt/BT-PC-5570.txt
peor-caso-bt,BT-PC-5580,5580,1001,instancias/peor-caso-bt/BT-PC-5580.txt
peor-caso-bt,BT-PC-5590,5590,1001,instancias/peor-caso-bt/BT-PC-5590.txt
peor-caso-bt,BT-PC-5600,5600,1001,instancias/peor-caso-bt/BT-PC-5600.txt
peor-caso-bt,BT-PC-5610,5610,1001,instancias/peor-caso-bt/BT-PC-5610.txt
peor-caso-bt,BT-PC-5620,5620,1001,instancias/peor-caso-bt/BT-PC-5620.txt
peor-caso-bt,BT-PC-5630,5630,1001,instancias/peor-caso-bt/BT-PC-5630.txt
peor-caso-bt,BT-PC-5640,5640,1001,instancias/peor-caso-bt/BT-PC-5640.txt
peor-caso-bt,BT-PC-5650,5650,1001,instancias/peor-caso-bt/BT-PC-5650.txt
peor-caso-bt,BT-PC-5660,5660,1001,instancias/peor-caso-bt/BT-PC-5660.txt
peor-caso-bt,BT-PC-5670,5670,1001,instancias/peor-caso-bt/BT-PC-5670.txt
peor-caso-bt,BT-PC-5680,5680,1001,instancias/peor-caso-bt/BT-PC-5680.txt
peor-caso-bt,BT-PC-5690,5690,1001,instancias/peor-caso-bt/BT-PC-5690.txt
peor-caso-bt,BT-PC-5700,5700,1001,instancias/peor-caso-bt/BT-PC-5700.txt
peor-caso-bt,BT-PC-5710,5710,1001,instancias/peor-caso-bt/BT-PC-5710.txt
peor-caso-bt,BT-PC-5720,5720,1001,instancias/peor-caso-bt/BT-PC-5720.txt
peor-caso-bt,BT-PC-5730,5730,1001,instancias/peor-caso-bt/BT-PC-5730.txt
peor-caso-bt,BT-PC-5740,5740,1001,instancias/peor-caso-bt/BT-PC-5740.txt
peor-caso-bt,BT-PC-5750,5750,1001,instancias/peor-caso-bt/BT-PC-5750.txt
peor-caso-bt,BT-PC-5760,5760,1001,instancias/peor-caso-bt/BT-PC-5760.txt
peor-caso-bt,BT-PC-5770,5770,1001,instancias/peor-caso-bt/BT-PC-5770.txt
peor-caso-bt,BT-PC-5780,5780,1001,instancias/peor-caso-bt/BT-PC-5780.txt
peor-caso-bt,BT-PC-5790,5790,1001,instancias/peor-caso-bt/BT-PC-5790.txt
peor-caso-bt,BT-PC-5800,5800,1001,instancias/peor-caso-bt/BT-PC-5800.txt
peor-caso-bt,BT-PC-5810,5810,1001,instancias/peor-caso-bt/BT-PC-5810.txt
peor-caso-bt,BT-PC-5820,5820,1001,instancias/peor-caso-bt/BT-PC-5820.txt
peor-caso-bt,BT-PC-5830,5830,1001,instancias/peor-caso-bt/BT-PC-5830.txt
peor-caso-bt,BT-PC-5840,5840,1001,instancias/peor-caso-bt/BT-PC-5840.txt
peor-caso-bt,BT-PC-5850,5850,1001,instancias/peor-caso-bt/BT-PC-5850.txt
peor-caso-bt,BT-PC-5860,5860,1001,instancias/peor-caso-bt/BT-PC-5860.txt
peor-caso-bt,BT-PC-5870,5870,1001,instancias/peor-caso-bt/BT-PC-5870.txt
peor-caso-bt,BT-PC-5880,5880,1001,instancias/peor-caso-bt/BT-PC-5880.txt
peor-caso-bt,BT-PC-5890,5890,1001,instancias/peor-caso-bt/BT-PC-5890.txt
peor-caso-bt,BT-PC-5900,5900,1001,instancias/peor-caso-bt/BT-PC-5900.txt
peor-caso-bt,BT-PC-5910,5910,1001,instancias/peor-caso-bt/BT-PC-5910.txt
peor-caso-bt,BT-PC-5920,5920,1001,instancias/peor-caso-bt/BT-PC-5920.txt
peor-caso-bt,BT-PC-5930,5930,1001,instancias/peor-caso-bt/BT-PC-5930.txt
peor-caso-bt,BT-PC-5940,5940,1001,instancias/peor-caso-bt/BT-PC-5940.txt
peor-caso-bt,BT-PC-5950,5950,1001,instancias/peor-caso-bt/BT-PC-5950.txt
peor-caso-bt,BT-PC-5960,5960,1001,instancias/peor-caso-bt/BT-PC-5960.txt
peor-caso-bt,BT-PC-5970,5970,1001,instancias/peor-caso-bt/BT-PC-5970.txt
peor-caso-bt,BT-PC-5980,5980,1001,instancias/peor-caso-bt/BT-PC-5980.txt
peor-caso-bt,BT-PC-5990,5990,1001,instancias/peor-caso-bt/BT-PC-5990.txt
peor-caso-bt,BT-PC-6000,6000,1001,instancias/peor-caso-bt/BT-PC-6000.txt
peor-caso-bt,BT-PC-6010,6010,1001,instancias/peor-caso-bt/BT-PC-6010.txt
peor-caso-bt,BT-PC-6020,6020,1001,instancias/peor-caso-bt/BT-PC-6020.txt
peor-caso-bt,BT-PC-6030,6030,1001,instancias/peor-caso-bt/BT-PC-6030.txt
peor-caso-bt,BT-PC-6040,6040,1001,instancias/peor-caso-bt/BT-PC-6040.txt
peor-caso-bt,BT-PC-6050,6050,1001,instancias/peor-caso-bt/BT-PC-6050.txt
peor-caso-bt,BT-PC-6060,6060,1001,instancias/peor-caso-bt/BT-PC-6060.txt
peor-caso-bt,BT-PC-6070,6070,1001,instancias/peor-caso-bt/BT-PC-6070.txt
peor-caso-bt,BT-PC-6080,6080,1001,instancias/peor-caso-bt/BT-PC-6080.txt
peor-caso-bt,BT-PC-6090,6090,1001,instancias/peor-caso-bt/BT-PC-6090.txt
peor-caso-bt,BT-PC-6100,6100,1001,instancias/peor-caso-bt/BT-PC-6100.txt
peor-caso-bt,BT-PC-6110,6110,1001,instancias/peor-caso-bt/BT-PC-6110.txt
peor-caso-bt,BT-PC-6120,6120,1001,instancias/peor-caso-bt/BT-PC-6120.txt
peor-caso-bt,BT-PC-6130,6130,1001,instancias/peor-caso-bt/BT-PC-6130.txt
peor-caso-bt,BT-PC-6140,6140,1001,instancias/peor-caso-bt/BT-PC-6140.txt
peor-caso-bt,BT-PC-6150,6150,1001,instancias/peor-caso-bt/BT-PC-6150.txt
peor-caso-bt,BT-PC-6160,6160,1001,instancias/peor-caso-bt/BT-PC-6160.txt
peor-caso-bt,BT-PC-6170,6170,1001,instancias/peor-caso-bt/BT-PC-6170.txt
peor-caso-bt,BT-PC-6180,6180,1001,instancias/peor-caso-bt/BT-PC-6180.txt
peor-caso-bt,BT-PC-6190,6190,1001,instancias/peor-caso-bt/BT-PC-6190.txt
peor-caso-bt,BT-PC-6200,6200,1001,instancias/peor-caso-bt/BT-PC-6200.txt
peor-caso-bt,BT-PC-6210,6210,1001,instancias/peor-caso-bt/BT-PC-6210.txt
peor-caso-bt,BT-PC-6220,6220,1001,instancias/peor-caso-bt/BT-PC-6220.txt
peor-caso-bt,BT-PC-6230,6230,1001,instancias/peor-caso-bt/BT-PC-6230.txt
peor-caso-bt,BT-PC-6240,6240,1001,instancias/peor-caso-bt/BT-PC-6240.txt
peor-caso-bt,BT-PC-6250,6250,1001,instancias/peor-caso-bt/BT-PC-6250.txt
peor-caso-bt,BT-PC-6260,6260,1001,instancias/peor-caso-bt/BT-PC-6260.txt
peor-caso-bt,BT-PC-6270,6270,1001,instancias/peor-caso-bt/BT-PC-6270.txt
peor-caso-bt,BT-PC-6280,6280,1001,instancias/peor-caso-bt/BT-PC-6280.txt
peor-caso-bt,BT-PC-6290,6290,1001,instancias/peor-caso-bt/BT-PC-6290.txt
peor-caso-bt,BT-PC-6300,6300,1001,instancias/peor-caso-bt/BT-PC-6300.txt
peor-caso-bt,BT-PC-6310,6310,1001,instancias/peor-caso-bt/BT-PC-6310.txt
peor-caso-bt,BT-PC-6320,6320,1001,instancias/peor-caso-bt/BT-PC-6320.txt
peor-caso-bt,BT-PC-6330,6330,1001,instancias/peor-caso-bt/BT-PC-6330.txt
peor-caso-bt,BT-PC-6340,6340,1001,instancias/peor-caso-bt/BT-PC-6340.txt
peor-caso-bt,BT-PC-6350,6350,1001,instancias/peor-caso-bt/BT-PC-6350.txt
peor-caso-bt,BT-PC-6360,6360,1001,instancias/peor-caso-bt/BT-PC-6360.txt
peor-caso-bt,BT-PC-6370,6370,1001,instancias/peor-caso-bt/BT-PC-6370.txt
peor-caso-bt,BT-PC-6380,6380,1001,instancias/peor-caso-bt/BT-PC-6380.txt
peor-caso-bt,BT-PC-6390,6390,1001,instancias/peor-caso-bt/BT-PC-6390.txt
peor-caso-bt,BT-PC-6400,6400,1001,instancias/peor-caso-bt/BT-PC-6400.txt
peor-caso-bt,BT-PC-6410,6410,1001,instancias/peor-caso-bt/BT-PC-6410.txt
peor-caso-bt,BT-PC-6420,6420,1001,instancias/peor-caso-bt/BT-PC-6420.txt
peor-caso-bt,BT-PC-6430,6430,1001,instancias/peor-caso-bt/BT-PC-6430.txt
peor-caso-bt,BT-PC-6440,6440,1001,instancias/peor-caso-bt/BT-PC-6440.txt
peor-caso-bt,BT-PC-6450,6450,1001,instancias/peor-caso-bt/BT-PC-6450.txt
peor-caso-bt,BT-PC-6460,6460,1001,instancias/peor-caso-bt/BT-PC-6460.txt
peor-caso-bt,BT-PC-6470,6470,1001,instancias/peor-caso-bt/BT-PC-6470.txt
peor-caso-bt,BT-PC-6480,6480,1001,instancias/peor-caso-bt/BT-PC-6480.txt
peor-caso-bt,BT-PC-6490,6490,1001,instancias/peor-caso-bt/BT-PC-6490.txt
peor-caso-bt,BT-PC-6500,6500,1001,instancias/peor-caso-bt/BT-PC-6500.txt
peor-caso-bt,BT-PC-6510,6510,1001,instancias/peor-caso-bt/BT-PC-6510.txt
peor-caso-bt,BT-PC-6520,6520,1001,instancias/peor-caso-bt/BT-PC-6520.txt
peor-caso-bt,BT-PC-6530,6530,1001,instancias/peor-caso-bt/BT-PC-6530.txt
peor-caso-bt,BT-PC-6540,6540,1001,instancias/peor-caso-bt/BT-PC-6540.txt
peor-caso-bt,BT-PC-6550,6550,1001,instancias/peor-caso-bt/BT-PC-6550.txt
peor-caso-bt,BT-PC-6560,6560,1001,instancias/peor-caso-bt/BT-PC-6560.txt
peor-caso-bt,BT-PC-6570,6570,1001,instancias/peor-caso-bt/BT-PC-6570.txt
peor-caso-bt,BT-PC-6580,6580,1001,instancias/peor-caso-bt/BT-PC-6580.txt
peor-caso-bt,BT-PC-6590,6590,1001,instancias/peor-caso-bt/BT-PC-6590.txt
peor-caso-bt,BT-PC-6600,6600,1001,instancias/peor-caso-bt/BT-PC-6600.txt
peor-caso-bt,BT-PC-6610,6610,1001,instancias/peor-caso-bt/BT-PC-6610.txt
peor-caso-bt,BT-PC-6620,6620,1001,instancias/peor-caso-bt/BT-PC-6620.txt
peor-caso-bt,BT-PC-6630,6630,1001,instancias/peor-caso-bt/BT-PC-6630.txt
peor-caso-bt,BT-PC-6640,6640,1001,instancias/peor-caso-bt/BT-PC-6640.txt
peor-caso-bt,BT-PC-6650,6650,1001,instancias/peor-caso-bt/BT-PC-6650.txt
peor-caso-bt,BT-PC-6660,6660,1001,instancias/peor-caso-bt/BT-PC-6660.txt
peor-caso-bt,BT-PC-6670,6670,1001,instancias/peor-caso-bt/BT-PC-6670.txt
peor-caso-bt,BT-PC-6680,6680,1001,instancias/peor-caso-bt/BT-PC-6680.txt
peor-caso-bt,BT-PC-6690,6690,1001,instancias/peor-caso-bt/BT-PC-6690.txt
peor-caso-bt,BT-PC-6700,6700,1001,instancias/peor-caso-bt/BT-PC-6700.txt
peor-caso-bt,BT-PC-6710,6710,1001,instancias/peor-caso-bt/BT-PC-6710.txt
peor-caso-bt,BT-PC-6720,6720,1001,instancias/peor-caso-bt/BT-PC-6720.txt
peor-caso-bt,BT-PC-6730,6730,1001,instancias/peor-caso-bt/BT-PC-6730.txt
peor-caso-bt,BT-PC-6740,6740,1001,instancias/peor-caso-bt/BT-PC-6740.txt
peor-caso-bt,BT-PC-6750,6750,1001,instancias/peor-caso-bt/BT-PC-6750.txt
peor-caso-bt,BT-PC-6760,6760,1001,instancias/peor-caso-bt/BT-PC-6760.txt
peor-caso-bt,BT-PC-6770,6770,1001,instancias/peor-caso-bt/BT-PC-6770.txt
peor-caso-bt,BT-PC-6780,6780,1001,instancias/peor-caso-bt/BT-PC-6780.txt
peor-caso-bt,BT-PC-6790,6790,1001,instancias/peor-caso-bt/BT-PC-6790.txt
peor-caso-bt,BT-PC-6800,6800,1001,instancias/peor-caso-bt/BT-PC-6800.txt
peor-caso-bt,BT-PC-6810,6810,1001,instancias/peor-caso-bt/BT-PC-6810.txt
peor-caso-bt,BT-PC-6820,6820,1001,instancias/peor-caso-bt/BT-PC-6820.txt
peor-caso-bt,BT-PC-6830,6830,1001,instancias/peor-caso-bt/BT-PC-6830.txt
peor-caso-bt,BT-PC-6840,6840,1001,instancias/peor-caso-bt/BT-PC-6840.txt
peor-caso-bt,BT-PC-6850,6850,1001,instancias/peor-caso-bt/BT-PC-6850.txt
peor-caso-bt,BT-PC-6860,6860,1001,instancias/peor-caso-bt/BT-PC-6860.txt
peor-caso-bt,BT-PC-6870,6870,1001,instancias/peor-caso-bt/BT-PC-6870.txt
peor-caso-bt,BT-PC-6880,6880,1001,instancias/peor-caso-bt/BT-PC-6880.txt
peor-caso-bt,BT-PC-6890,6890,1001,instancias/peor-caso-bt/BT-PC-6890.txt
peor-caso-bt,BT-PC-6900,6900,1001,instancias/peor-caso-bt/BT-PC-6900.txt
peor-caso-bt,BT-PC-6910,6910,1001,instancias/peor-caso-bt/BT-PC-6910.txt
peor-caso-bt,BT-PC-6920,6920,1001,instancias/peor-caso-bt/BT-PC-6920.txt
peor-caso-bt,BT-PC-6930,6930,1001,instancias/peor-caso-bt/BT-PC-6930.txt
peor-caso-bt,BT-PC-6940,6940,1001,instancias/peor-caso-bt/BT-PC-6940.txt
peor-caso-bt,BT-PC-6950,6950,1001,instancias/peor-caso-bt/BT-PC-6950.txt
peor-caso-bt,BT-PC-6960,6960,1001,instancias/peor-caso-bt/BT-PC-6960.txt
peor-caso-bt,BT-PC-6970,6970,1001,instancias/peor-caso-bt/BT-PC-6970.txt
peor-caso-bt,BT-PC-6980,6980,1001,instancias/peor-caso-bt/BT-PC-6980.txt
peor-caso-bt,BT-PC-6990,6990,1001,instancias/peor-caso-bt/BT-PC-6990.txt
peor-caso-bt,BT-PC-7000,7000,1001,instancias/peor-caso-bt/BT-PC-7000.txt
peor-caso-bt,BT-PC-7010,7010,1001,instancias/peor-caso-bt/BT-PC-7010.txt
peor-caso-bt,BT-PC-7020,7020,1001,instancias/peor-caso-bt/BT-PC-7020.txt
peor-caso-bt,BT-PC-7030,7030,1001,instancias/peor-caso-bt/BT-PC-7030.txt
peor-caso-bt,BT-PC-7040,7040,1001,instancias/peor-caso-bt/BT-PC-7040.txt
peor-caso-bt,BT-PC-7050,7050,1001,instancias/peor-caso-bt/BT-PC-7050.txt
peor-caso-bt,BT-PC-7060,7060,1001,instancias/peor-caso-bt/BT-PC-7060.txt
peor-caso-bt,BT-PC-7070,7070,1001,instancias/peor-caso-bt/BT-PC-7070.txt
peor-caso-bt,BT-PC-7080,7080,1001,instancias/peor-caso-bt/BT-PC-7080.txt
peor-caso-bt,BT-PC-7090,7090,1001,instancias/peor-caso-bt/BT-PC-7090.txt
peor-caso-bt,BT-PC-7100,7100,1001,instancias/peor-caso-bt/BT-PC-7100.txt
peor-caso-bt,BT-PC-7110,7110,1001,instancias/peor-caso-bt/BT-PC-7110.txt
peor-caso-bt,BT-PC-7120,7120,1001,instancias/peor-caso-bt/BT-PC-7120.txt
peor-caso-bt,BT-PC-7130,7130,1001,instancias/peor-caso-bt/BT-PC-7130.txt
peor-caso-bt,BT-PC-7140,7140,1001,instancias/peor-caso-bt/BT-PC-7140.txt
peor-caso-bt,BT-PC-7150,7150,1001,instancias/peor-caso-bt/BT-PC-7150.txt
peor-caso-bt,BT-PC-7160,7160,1001,instancias/peor-caso-bt/BT-PC-7160.txt
peor-caso-bt,BT-PC-7170,7170,1001,instancias/peor-caso-bt/BT-PC-7170.txt
peor-caso-bt,BT-PC-7180,7180,1001,instancias/peor-caso-bt/BT-PC-7180.txt
peor-caso-bt,BT-PC-7190,7190,1001,instancias/peor-caso-bt/BT-PC-7190.txt
peor-caso-bt,BT-PC-7200,7200,1001,instancias/peor-caso-bt/BT-PC-7200.txt
peor-caso-bt,BT-PC-7210,7210,1001,instancias/peor-caso-bt/BT-PC-7210.txt
peor-caso-bt,BT-PC-7220,7220,1001,instancias/peor-caso-bt/BT-PC-7220.txt
peor-caso-bt,BT-PC-7230,7230,1001,instancias/peor-caso-bt/BT-PC-7230.txt
peor-caso-bt,BT-PC-7240,7240,1001,instancias/peor-caso-bt/BT-PC-7240.txt
peor-caso-bt,BT-PC-7250,7250,1001,instancias/peor-caso-bt/BT-PC-7250.txt
peor-caso-bt,BT-PC-7260,7260,1001,instancias/peor-caso-bt/BT-PC-7260.txt
peor-caso-bt,BT-PC-7270,7270,1001,instancias/peor-caso-bt/BT-PC-7270.txt
peor-caso-bt,BT-PC-7280,7280,1001,instancias/peor-caso-bt/BT-PC-7280.txt
peor-caso-bt,BT-PC-7290,7290,1001,instancias/peor-caso-bt/BT-PC-7290.txt
peor-caso-bt,BT-PC-7300,7300,1001,instancias/peor-caso-bt/BT-PC-7300.txt
peor-caso-bt,BT-PC-7310,7310,1001,instancias/peor-caso-bt/BT-PC-7310.txt
peor-caso-bt,BT-PC-7320,7320,1001,instancias/peor-caso-bt/BT-PC-7320.txt
peor-caso-bt,BT-PC-7330,7330,1001,instancias/peor-caso-bt/BT-PC-7330.txt
peor-caso-bt,BT-PC-7340,7340,1001,instancias/peor-caso-bt/BT-PC-7340.txt
peor-caso-bt,BT-PC-7350,7350,1001,instancias/peor-caso-bt/BT-PC-7350.txt
peor-caso-bt,BT-PC-7360,7360,1001,instancias/peor-caso-bt/BT-PC-7360.txt
peor-caso-bt,BT-PC-7370,7370,1001,instancias/peor-caso-bt/BT-PC-7370.txt
peor-caso-bt,BT-PC-7380,7380,1001,instancias/peor-caso-bt/BT-PC-7380.txt
peor-caso-bt,BT-PC-7390,7390,1001,instancias/peor-caso-bt/BT-PC-7390.txt
peor-caso-bt,BT-PC-7400,7400,1001,instancias/peor-caso-bt/BT-PC-7400.txt
peor-caso-bt,BT-PC-7410,7410,1001,instancias/peor-caso-bt/BT-PC-7410.txt
peor-caso-bt,BT-PC-7420,7420,1001,instancias/peor-caso-bt/BT-PC-7420.txt
peor-caso-bt,BT-PC-7430,7430,1001,instancias/peor-caso-bt/BT-PC-7430.txt
peor-caso-bt,BT-PC-7440,7440,1001,instancias/peor-caso-bt/BT-PC-7440.txt
peor-caso-bt,BT-PC-7450,7450,1001,instancias/peor-caso-bt/BT-PC-7450.txt
peor-caso-bt,BT-PC-7460,7460,1001,instancias/peor-caso-bt/BT-PC-7460.txt
peor-caso-bt,BT-PC-7470,7470,1001,instancias/peor-caso-bt/BT-PC-7470.txt
peor-caso-bt,BT-PC-7480,7480,1001,instancias/peor-caso-bt/BT-PC-7480.txt
peor-caso-bt,BT-PC-7490,7490,1001,instancias/peor-caso-bt/BT-PC-7490.txt
peor-caso-bt,BT-PC-7500,7500,1001,instancias/peor-caso-bt/BT-PC-7500.txt
peor-caso-bt,BT-PC-7510,7510,1001,instancias/peor-caso-bt/BT-PC-7510.txt
peor-caso-bt,BT-PC-7520,7520,1001,instancias/peor-caso-bt/BT-PC-7520.txt
peor-caso-bt,BT-PC-7530,7530,1001,instancias/peor-caso-bt/BT-PC-7530.txt
peor-caso-bt,BT-PC-7540,7540,1001,instancias/peor-caso-bt/BT-PC-7540.txt
peor-caso-bt,BT-PC-7550,7550,1001,instancias/peor-caso-bt/BT-PC-7550.txt
peor-caso-bt,BT-PC-7560,7560,1001,instancias/peor-caso-bt/BT-PC-7560.txt
peor-caso-bt,BT-PC-7570,7570,1001,instancias/peor-caso-bt/BT-PC-7570.txt
peor-caso-bt,BT-PC-7580,7580,1001,instancias/peor-caso-bt/BT-PC-7580.txt
peor-caso-bt,BT-PC-7590,7590,1001,instancias/peor-caso-bt/BT-PC-7590.txt
peor-caso-bt,BT-PC-7600,7600,1001,instancias/peor-caso-bt/BT-PC-7600.txt
peor-caso-bt,BT-PC-7610,7610,1001,instancias/peor-caso-bt/BT-PC-7610.txt
peor-caso-bt,BT-PC-7620,7620,1001,instancias/peor-caso-bt/BT-PC-7620.txt
peor-caso-bt,BT-PC-7630,7630,1001,instancias/peor-caso-bt/BT-PC-7630.txt
peor-caso-bt,BT-PC-7640,7640,1001,instancias/peor-caso-bt/BT-PC-7640.txt
peor-caso-bt,BT-PC-7650,7650,1001,instancias/peor-caso-bt/BT-PC-7650.txt
peor-caso-bt,BT-PC-7660,7660,1001,instancias/peor-caso-bt/BT-PC-7660.txt
peor-caso-bt,BT-PC-7670,7670,1001,instancias/peor-caso-bt/BT-PC-7670.txt
peor-caso-bt,BT-PC-7680,7680,1001,instancias/peor-caso-bt/BT-PC-7680.txt
peor-caso-bt,BT-PC-7690,7690,1001,instancias/peor-caso-bt/BT-PC-7690.txt
peor-caso-bt,BT-PC-7700,7700,1001,instancias/peor-caso-bt/BT-PC-7700.txt
peor-caso-bt,BT-PC-7710,7710,1001,instancias/peor-caso-bt/BT-PC-7710.txt
peor-caso-bt,BT-PC-7720,7720,1001,instancias/peor-caso-bt/BT-PC-7720.txt
peor-caso-bt,BT-PC-7730,7730,1001,instancias/peor-caso-bt/BT-PC-7730.txt
peor-caso-bt,BT-PC-7740,7740,1001,instancias/peor-caso-bt/BT-PC-7740.txt
peor-caso-bt,BT-PC-7750,7750,1001,instancias/peor-caso-bt/BT-PC-7750.txt
peor-caso-bt,BT-PC-7760,7760,1001,instancias/peor-caso-bt/BT-PC-7760.txt
peor-caso-bt,BT-PC-7770,7770,1001,instancias/peor-caso-bt/BT-PC-7770.txt
peor-caso-bt,BT-PC-7780,7780,1001,instancias/peor-caso-bt/BT-PC-7780.txt
peor-caso-bt,BT-PC-7790,7790,1001,instancias/peor-caso-bt/BT-PC-7790.txt
peor-caso-bt,BT-PC-7800,7800,1001,instancias/peor-caso-bt/BT-PC-7800.txt
peor-caso-bt,BT-PC-7810,7810,1001,instancias/peor-caso-bt/BT-PC-7810.txt
peor-caso-bt,BT-PC-7820,7820,1001,instancias/peor-caso-bt/BT-PC-7820.txt
peor-caso-bt,BT-PC-7830,7830,1001,instancias/peor-caso-bt/BT-PC-7830.txt
peor-caso-bt,BT-PC-7840,7840,1001,instancias/peor-caso-bt/BT-PC-7840.txt
peor-caso-bt,BT-PC-7850,7850,1001,instancias/peor-caso-bt/BT-PC-7850.txt
peor-caso-bt,BT-PC-7860,7860,1001,instancias/peor-caso-bt/BT-PC-7860.txt
peor-caso-bt,BT-PC-7870,7870,1001,instancias/peor-caso-bt/BT-PC-7870.txt
peor-caso-bt,BT-PC-7880,7880,1001,instancias/peor-caso-bt/BT-PC-7880.txt
peor-caso-bt,BT-PC-7890,7890,1001,instancias/peor-caso-bt/BT-PC-7890.txt
peor-caso-bt,BT-PC-7900,7900,1001,instancias/peor-caso-bt/BT-PC-7900.txt
peor-caso-bt,BT-PC-7910,7910,1001,instancias/peor-caso-bt/BT-PC-7910.txt
peor-caso-bt,BT-PC-7920,7920,1001,instancias/peor-caso-bt/BT-PC-7920.txt
peor-caso-bt,BT-PC-7930,7930,1001,instancias/peor-caso-bt/BT-PC-7930.txt
peor-caso-bt,BT-PC-7940,7940,1001,instancias/peor-caso-bt/BT-PC-7940.txt
peor-caso-bt,BT-PC-7950,7950,1001,instancias/peor-caso-bt/BT-PC-7950.txt
peor-caso-bt,BT-PC-7960,7960,1001,instancias/peor-caso-bt/BT-PC-7960.txt
peor-caso-bt,BT-PC-7970,7970,1001,instancias/peor-caso-bt/BT-PC-7970.txt
peor-caso-bt,BT-PC-7980,7980,1001,instancias/peor-caso-bt/BT-PC-7980.txt
peor-caso-bt,BT-PC-7990,7990,1001,instancias/peor-caso-bt/BT-PC-7990.txt
peor-caso-bt,BT-PC-8000,8000,1001,instancias/peor-caso-bt/BT-PC-8000.txt
peor-caso-bt,BT-PC-8010,8010,1001,instancias/peor-caso-bt/BT-PC-8010.txt
peor-caso-bt,BT-PC-8020,8020,1001,instancias/peor-caso-bt/BT-PC-8020.txt
peor-caso-bt,BT-PC-8030,8030,1001,instancias/peor-caso-bt/BT-PC-8030.txt
peor-caso-bt,BT-PC-8040,8040,1001,instancias/peor-caso-bt/BT-PC-8040.txt
peor-caso-bt,BT-PC-8050,8050,1001,instancias/peor-caso-bt/BT-PC-8050.txt
peor-caso-bt,BT-PC-8060,8060,1001,instancias/peor-caso-bt/BT-PC-8060.txt
peor-caso-bt,BT-PC-8070,8070,1001,instancias/peor-caso-bt/BT-PC-8070.txt
peor-caso-bt,BT-PC-8080,8080,1001,instancias/peor-caso-bt/BT-PC-8080.txt
peor-caso-bt,BT-PC-8090,8090,1001,instancias/peor-caso-bt/BT-PC-8090.txt
peor-caso-bt,BT-PC-8100,8100,1001,instancias/peor-caso-bt/BT-PC-8100.txt
peor-caso-bt,BT-PC-8110,8110,1001,instancias/peor-caso-bt/BT-PC-8110.txt
peor-caso-bt,BT-PC-8120,8120,1001,instancias/peor-caso-bt/BT-PC-8120.txt
peor-caso-bt,BT-PC-8130,8130,1001,instancias/peor-caso-bt/BT-PC-8130.txt
peor-caso-bt,BT-PC-8140,8140,1001,instancias/peor-caso-bt/BT-PC-8140.txt
peor-caso-bt,BT-PC-8150,8150,1001,instancias/peor-caso-bt/BT-PC-8150.txt
peor-caso-bt,BT-PC-8160,8160,1001,instancias/peor-caso-bt/BT-PC-8160.txt
peor-caso-bt,BT-PC-8170,8170,1001,instancias/peor-caso-bt/BT-PC-8170.txt
peor-caso-bt,BT-PC-8180,8180,1001,instancias/peor-caso-bt/BT-PC-8180.txt
peor-caso-bt,BT-PC-8190,8190,1001,instancias/peor-caso-bt/BT-PC-8190.txt
peor-caso-bt,BT-PC-8200,8200,1001,instancias/peor-caso-bt/BT-PC-8200.txt
peor-caso-bt,BT-PC-8210,8210,1001,instancias/peor-caso-bt/BT-PC-8210.txt
peor-caso-bt,BT-PC-8220,8220,1001,instancias/peor-caso-bt/BT-PC-8220.txt
peor-caso-bt,BT-PC-8230,8230,1001,instancias/peor-caso-bt/BT-PC-8230.txt
peor-caso-bt,BT-PC-8240,8240,1001,instancias/peor-caso-bt/BT-PC-8240.txt
peor-caso-bt,BT-PC-8250,8250,1001,instancias/peor-caso-bt/BT-PC-8250.txt
peor-caso-bt,BT-PC-8260,8260,1001,instancias/peor-caso-bt/BT-PC-8260.txt
peor-caso-bt,BT-PC-8270,8270,1001,instancias/peor-caso-bt/BT-PC-8270.txt
peor-caso-bt,BT-PC-8280,8280,1001,instancias/peor-caso-bt/BT-PC-8280.txt
peor-caso-bt,BT-PC-8290,8290,1001,instancias/peor-caso-bt/BT-PC-8290.txt
peor-caso-bt,BT-PC-8300,8300,1001,instancias/peor-caso-bt/BT-PC-8300.txt
peor-caso-bt,BT-PC-8310,8310,1001,instancias/peor-caso-bt/BT-PC-8310.txt
peor-caso-bt,BT-PC-8320,8320,1001,instancias/peor-caso-bt/BT-PC-8320.txt
peor-caso-bt,BT-PC-8330,8330,1001,instancias/peor-caso-bt/BT-PC-8330.txt
peor-caso-bt,BT-PC-8340,8340,1001,instancias/peor-caso-bt/BT-PC-8340.txt
peor-caso-bt,BT-PC-8350,8350,1001,instancias/peor-caso-bt/BT-PC-8350.txt
peor-caso-bt,BT-PC-8360,8360,1001,instancias/peor-caso-bt/BT-PC-8360.txt
peor-caso-bt,BT-PC-8370,8370,1001,instancias/peor-caso-bt/BT-PC-8370.txt
peor-caso-bt,BT-PC-8380,8380,1001,instancias/peor-caso-bt/BT-PC-8380.txt
peor-caso-bt,BT-PC-8390,8390,1001,instancias/peor-caso-bt/BT-PC-8390.txt
peor-caso-bt,BT-PC-8400,8400,1001,instancias/peor-caso-bt/BT-PC-8400.txt
peor-caso-bt,BT-PC-8410,8410,1001,instancias/peor-caso-bt/BT-PC-8410.txt
peor-caso-bt,BT-PC-8420,8420,1001,instancias/peor-caso-bt/BT-PC-8420.txt
peor-caso-bt,BT-PC-8430,8430,1001,instancias/peor-caso-bt/BT-PC-8430.txt
peor-caso-bt,BT-PC-8440,8440,1001,instancias/peor-caso-bt/BT-PC-8440.txt
peor-caso-bt,BT-PC-8450,8450,1001,instancias/peor-caso-bt/BT-PC-8450.txt
peor-caso-bt,BT-PC-8460,8460,1001,instancias/peor-caso-bt/BT-PC-8460.txt
peor-caso-bt,BT-PC-8470,8470,1001,instancias/peor-caso-bt/BT-PC-8470.txt
peor-caso-bt,BT-PC-8480,8480,1001,instancias/peor-caso-bt/BT-PC-8480.txt
peor-caso-bt,BT-PC-8490,8490,1001,instancias/peor-caso-bt/BT-PC-8490.txt
peor-caso-bt,BT-PC-8500,8500,1001,instancias/peor-caso-bt/BT-PC-8500.txt
peor-caso-bt,BT-PC-8510,8510,1001,instancias/peor-caso-bt/BT-PC-8510.txt
peor-caso-bt,BT-PC-8520,8520,1001,instancias/peor-caso-bt/BT-PC-8520.txt
peor-caso-bt,BT-PC-8530,8530,1001,instancias/peor-caso-bt/BT-PC-8530.txt
peor-caso-bt,BT-PC-8540,8540,1001,instancias/peor-caso-bt/BT-PC-8540.txt
peor-caso-bt,BT-PC-8550,8550,1001,instancias/peor-caso-bt/BT-PC-8550.txt
peor-caso-bt,BT-PC-8560,8560,1001,instancias/peor-caso-bt/BT-PC-8560.txt
peor-caso-bt,BT-PC-8570,8570,1001,instancias/peor-caso-bt/BT-PC-8570.txt
peor-caso-bt,BT-PC-8580,8580,1001,instancias/peor-caso-bt/BT-PC-8580.txt
peor-caso-bt,BT-PC-8590,8590,1001,instancias/peor-caso-bt/BT-PC-8590.txt
peor-caso-bt,BT-PC-8600,8600,1001,instancias/peor-caso-bt/BT-PC-8600.txt
peor-caso-bt,BT-PC-8610,8610,1001,instancias/peor-caso-bt/BT-PC-8610.txt
peor-caso-bt,BT-PC-8620,8620,1001,instancias/peor-caso-bt/BT-PC-8620.txt
peor-caso-bt,BT-PC-8630,8630,1001,instancias/peor-caso-bt/BT-PC-8630.txt
peor-caso-bt,BT-PC-8640,8640,1001,instancias/peor-caso-bt/BT-PC-8640.txt
peor-caso-bt,BT-PC-8650,8650,1001,instancias/peor-caso-bt/BT-PC-8650.txt
peor-caso-bt,BT-PC-8660,8660,1001,instancias/peor-caso-bt/BT-PC-8660.txt
peor-caso-bt,BT-PC-8670,8670,1001,instancias/peor-caso-bt/BT-PC-8670.txt
peor-caso-bt,BT-PC-8680,8680,1001,instancias/peor-caso-bt/BT-PC-8680.txt
peor-caso-bt,BT-PC-8690,8690,1001,instancias/peor-caso-bt/BT-PC-8690.txt
peor-caso-bt,BT-PC-8700,8700,1001,instancias/peor-caso-bt/BT-PC-8700.txt
peor-caso-bt,BT-PC-8710,8710,1001,instancias/peor-caso-bt/BT-PC-8710.txt
peor-caso-bt,BT-PC-8720,8720,1001,instancias/peor-caso-bt/BT-PC-8720.txt
peor-caso-bt,BT-PC-8730,8730,1001,instancias/peor-caso-bt/BT-PC-8730.txt
peor-caso-bt,BT-PC-8740,8740,1001,instancias/peor-caso-bt/BT-PC-8740.txt
peor-caso-bt,BT-PC-8750,8750,1001,instancias/peor-caso-bt/BT-PC-8750.txt
peor-caso-bt,BT-PC-8760,8760,1001,instancias/peor-caso-bt/BT-PC-8760.txt
peor-caso-bt,BT-PC-8770,8770,1001,instancias/peor-caso-bt/BT-PC-8770.txt
peor-caso-bt,BT-PC-8780,8780,1001,instancias/peor-caso-bt/BT-PC-8780.txt
peor-caso-bt,BT-PC-8790,8790,1001,instancias/peor-caso-bt/BT-PC-8790.txt
peor-caso-bt,BT-PC-8800,8800,1001,instancias/peor-caso-bt/BT-PC-8800.txt
peor-caso-bt,BT-PC-8810,8810,1001,instancias/peor-caso-bt/BT-PC-8810.txt
peor-caso-bt,BT-PC-8820,8820,1001,instancias/peor-caso-bt/BT-PC-8820.txt
peor-caso-bt,BT-PC-8830,8830,1001,instancias/peor-caso-bt/BT-PC-8830.txt
peor-caso-bt,BT-PC-8840,8840,1001,instancias/peor-caso-bt/BT-PC-8840.txt
peor-caso-bt,BT-PC-8850,8850,1001,instancias/peor-caso-bt/BT-PC-8850.txt
peor-caso-bt,BT-PC-8860,8860,1001,instancias/peor-caso-bt/BT-PC-8860.txt
peor-caso-bt,BT-PC-8870,8870,1001,instancias/peor-caso-bt/BT-PC-8870.txt
peor-caso-bt,BT-PC-8880,8880,1001,instancias/peor-caso-bt/BT-PC-8880.txt
peor-caso-bt,BT-PC-8890,8890,1001,instancias/peor-caso-bt/BT-PC-8890.txt
peor-caso-bt,BT-PC-8900,8900,1001,instancias/peor-caso-bt/BT-PC-8900.txt
peor-caso-bt,BT-PC-8910,8910,1001,instancias/peor-caso-bt/BT-PC-8910.txt
peor-caso-bt,BT-PC-8920,8920,1001,instancias/peor-caso-bt/BT-PC-8920.txt
peor-caso-bt,BT-PC-8930,8930,1001,instancias/peor-caso-bt/BT-PC-8930.txt
peor-caso-bt,BT-PC-8940,8940,1001,instancias/peor-caso-bt/BT-PC-8940.txt
peor-caso-bt,BT-PC-8950,8950,1001,instancias/peor-caso-bt/BT-PC-8950.txt
peor-caso-bt,BT-PC-8960,8960,1001,instancias/peor-caso-bt/BT-PC-8960.txt
peor-caso-bt,BT-PC-8970,8970,1001,instancias/peor-caso-bt/BT-PC-8970.txt
peor-caso-bt,BT-PC-8980,8980,1001,instancias/peor-caso-bt/BT-PC-8980.txt
peor-caso-bt,BT-PC-8990,8990,1001,instancias/peor-caso-bt/BT-PC-8990.txt
peor-caso-bt,BT-PC-9000,9000,1001,instancias/peor-caso-bt/BT-PC-9000.txt
peor-caso-bt,BT-PC-9010,9010,1001,instancias/peor-caso-bt/BT-PC-9010.txt
peor-caso-bt,BT-PC-9020,9020,1001,instancias/peor-caso-bt/BT-PC-9020.txt
peor-caso-bt,BT-PC-9030,9030,1001,instancias/peor-caso-bt/BT-PC-9030.txt
peor-caso-bt,BT-PC-9040,9040,1001,instancias/peor-caso-bt/BT-PC-9040.txt
peor-caso-bt,BT-PC-9050,9050,1001,instancias/peor-caso-bt/BT-PC-9050.txt
peor-caso-bt,BT-PC-9060,9060,1001,instancias/peor-caso-bt/BT-PC-9060.txt
peor-caso-bt,BT-PC-9070,9070,1001,instancias/peor-caso-bt/BT-PC-9070.txt
peor-caso-bt,BT-PC-9080,9080,1001,instancias/peor-caso-bt/BT-PC-9080.txt
peor-caso-bt,BT-PC-9090,9090,1001,instancias/peor-caso-bt/BT-PC-9090.txt
peor-caso-bt,BT-PC-9100,9100,1001,instancias/peor-caso-bt/BT-PC-9100.txt
peor-caso-bt,BT-PC-9110,9110,1001,instancias/peor-caso-bt/BT-PC-9110.txt
peor-caso-bt,BT-PC-9120,9120,1001,instancias/peor-caso-bt/BT-PC-9120.txt
peor-caso-bt,BT-PC-9130,9130,1001,instancias/peor-caso-bt/BT-PC-9130.txt
peor-caso-bt,BT-PC-9140,9140,1001,instancias/peor-caso-bt/BT-PC-9140.txt
peor-caso-bt,BT-PC-9150,9150,1001,instancias/peor-caso-bt/BT-PC-9150.txt
peor-caso-bt,BT-PC-9160,9160,1001,instancias/peor-caso-bt/BT-PC-9160.txt
peor-caso-bt,BT-PC-9170,9170,1001,instancias/peor-caso-bt/BT-PC-9170.txt
peor-caso-bt,BT-PC-9180,9180,1001,instancias/peor-caso-bt/BT-PC-9180.txt
peor-caso-bt,BT-PC-9190,9190,1001,instancias/peor-caso-bt/BT-PC-9190.txt
peor-caso-bt,BT-PC-9200,9200,1001,instancias/peor-caso-bt/BT-PC-9200.txt
peor-caso-bt,BT-PC-9210,9210,1001,instancias/peor-caso-bt/BT-PC-9210.txt
peor-caso-bt,BT-PC-9220,9220,1001,instancias/peor-caso-bt/BT-PC-9220.txt
peor-caso-bt,BT-PC-9230,9230,1001,instancias/peor-caso-bt/BT-PC-9230.txt
peor-caso-bt,BT-PC-9240,9240,1001,instancias/peor-caso-bt/BT-PC-9240.txt
peor-caso-bt,BT-PC-9250,9250,1001,instancias/peor-caso-bt/BT-PC-9250.txt
peor-caso-bt,BT-PC-9260,9260,1001,instancias/peor-caso-bt/BT-PC-9260.txt
peor-caso-bt,BT-PC-9270,9270,1001,instancias/peor-caso-bt/BT-PC-9270.txt
peor-caso-bt,BT-PC-9280,9280,1001,instancias/peor-caso-bt/BT-PC-9280.txt
peor-caso-bt,BT-PC-9290,9290,1001,instancias/peor-caso-bt/BT-PC-9290.txt
peor-caso-bt,BT-PC-9300,9300,1001,instancias/peor-caso-bt/BT-PC-9300.txt
peor-caso-bt,BT-PC-9310,9310,1001,instancias/peor-caso-bt/BT-PC-9310.txt
peor-caso-bt,BT-PC-9320,9320,1001,instancias/peor-caso-bt/BT-PC-9320.txt
peor-caso-bt,BT-PC-9330,9330,1001,instancias/peor-caso-bt/BT-PC-9330.txt
peor-caso-bt,BT-PC-9340,9340,1001,instancias/peor-caso-bt/BT-PC-9340.txt
peor-caso-bt,BT-PC-9350,9350,1001,instancias/peor-caso-bt/BT-PC-9350.txt
peor-caso-bt,BT-PC-9360,9360,1001,instancias/peor-caso-bt/BT-PC-9360.txt
peor-caso-bt,BT-PC-9370,9370,1001,instancias/peor-caso-bt/BT-PC-9370.txt
peor-caso-bt,BT-PC-9380,9380,1001,instancias/peor-caso-bt/BT-PC-9380.txt
peor-caso-bt,BT-PC-9390,9390,1001,instancias/peor-caso-bt/BT-PC-9390.txt
peor-caso-bt,BT-PC-9400,9400,1001,instancias/peor-caso-bt/BT-PC-9400.txt
peor-caso-bt,BT-PC-9410,9410,1001,instancias/peor-caso-bt/BT-PC-9410.txt
peor-caso-bt,BT-PC-9420,9420,1001,instancias/peor-caso-bt/BT-PC-9420.txt
peor-caso-bt,BT-PC-9430,9430,1001,instancias/peor-caso-bt/BT-PC-9430.txt
peor-caso-bt,BT-PC-9440,9440,1001,instancias/peor-caso-bt/BT-PC-9440.txt
peor-caso-bt,BT-PC-9450,9450,1001,instancias/peor-caso-bt/BT-PC-9450.txt
peor-caso-bt,BT-PC-9460,9460,1001,instancias/peor-caso-bt/BT-PC-9460.txt
peor-caso-bt,BT-PC-9470,9470,1001,instancias/peor-caso-bt/BT-PC-9470.txt
peor-caso-bt,BT-PC-9480,9480,1001,instancias/peor-caso-bt/BT-PC-9480.txt
peor-caso-bt,BT-PC-9490,9490,1001,instancias/peor-caso-bt/BT-PC-9490.txt
peor-caso-bt,BT-PC-9500,9500,1001,instancias/peor-caso-bt/BT-PC-9500.txt
peor-caso-bt,BT-PC-9510,9510,1001,instancias/peor-caso-bt/BT-PC-9510.txt
peor-caso-bt,BT-PC-9520,9520,1001,instancias/peor-caso-bt/BT-PC-9520.txt
peor-caso-bt,BT-PC-9530,9530,1001,instancias/peor-caso-bt/BT-PC-9530.txt
peor-caso-bt,BT-PC-9540,9540,1001,instancias/peor-caso-bt/BT-PC-9540.txt
peor-caso-bt,BT-PC-9550,9550,1001,instancias/peor-caso-bt/BT-PC-9550.txt
peor-caso-bt,BT-PC-9560,9560,1001,instancias/peor-caso-bt/BT-PC-9560.txt
peor-caso-bt,BT-PC-9570,9570,1001,instancias/peor-caso-bt/BT-PC-9570.txt
peor-caso-bt,BT-PC-9580,9580,1001,instancias/peor-caso-bt/BT-PC-9580.txt
peor-caso-bt,BT-PC-9590,9590,1001,instancias/peor-caso-bt/BT-PC-9590.txt
peor-caso-bt,BT-PC-9600,9600,1001,instancias/peor-caso-bt/BT-PC-9600.txt
peor-caso-bt,BT-PC-9610,9610,1001,instancias/peor-caso-bt/BT-PC-9610.txt
peor-caso-bt,BT-PC-9620,9620,1001,instancias/peor-caso-bt/BT-PC-9620.txt
peor-caso-bt,BT-PC-9630,9630,1001,instancias/peor-caso-bt/BT-PC-9630.txt
peor-caso-bt,BT-PC-9640,9640,1001,instancias/peor-caso-bt/BT-PC-9640.txt
peor-caso-bt,BT-PC-9650,9650,1001,instancias/peor-caso-bt/BT-PC-9650.txt
peor-caso-bt,BT-PC-9660,9660,1001,instancias/peor-caso-bt/BT-PC-9660.txt
peor-caso-bt,BT-PC-9670,9670,1001,instancias/peor-caso-bt/BT-PC-9670.txt
peor-caso-bt,BT-PC-9680,9680,1001,instancias/peor-caso-bt/BT-PC-9680.txt
peor-caso-bt,BT-PC-9690,9690,1001,instancias/peor-caso-bt/BT-PC-9690.txt
peor-caso-bt,BT-PC-9700,9700,1001,instancias/peor-caso-bt/BT-PC-9700.txt
peor-caso-bt,BT-PC-9710,9710,1001,instancias/peor-caso-bt/BT-PC-9710.txt
peor-caso-bt,BT-PC-9720,9720,1001,instancias/peor-caso-bt/BT-PC-9720.txt
peor-caso-bt,BT-PC-9730,9730,1001,instancias/peor-caso-bt/BT-PC-9730.txt
peor-caso-bt,BT-PC-9740,9740,1001,instancias/peor-caso-bt/BT-PC-9740.txt
peor-caso-bt,BT-PC-9750,9750,1001,instancias/peor-caso-bt/BT-PC-9750.txt
peor-caso-bt,BT-PC-9760,9760,1001,instancias/peor-caso-bt/BT-PC-9760.txt
peor-caso-bt,BT-PC-9770,9770,1001,instancias/peor-caso-bt/BT-PC-9770.txt
peor-caso-bt,BT-PC-9780,9780,1001,instancias/peor-caso-bt/BT-PC-9780.txt
peor-caso-bt,BT-PC-9790,9790,1001,instancias/peor-caso-bt/BT-PC-9790.txt
peor-caso-bt,BT-PC-9800,9800,1001,instancias/peor-caso-bt/BT-PC-9800.txt
peor-caso-bt,BT-PC-9810,9810,1001,instancias/peor-caso-bt/BT-PC-9810.txt
peor-caso-bt,BT-PC-9820,9820,1001,instancias/peor-caso-bt/BT-PC-9820.txt
peor-caso-bt,BT-PC-9830,9830,1001,instancias/peor-caso-bt/BT-PC-9830.txt
peor-caso-bt,BT-PC-9840,9840,1001,instancias/peor-caso-bt/BT-PC-9840.txt
peor-caso-bt,BT-PC-9850,9850,1001,instancias/peor-caso-bt/BT-PC-9850.txt
peor-caso-bt,BT-PC-9860,9860,1001,instancias/peor-caso-bt/BT-PC-9860.txt
peor-caso-bt,BT-PC-9870,9870,1001,instancias/peor-caso-bt/BT-PC-9870.txt
peor-caso-bt,BT-PC-9880,9880,1001,instancias/peor-caso-bt/BT-PC-9880.txt
peor-caso-bt,BT-PC-9890,9890,1001,instancias/peor-caso-bt/BT-PC-9890.txt
peor-caso-bt,BT-PC-9900,9900,1001,instancias/peor-caso-bt/BT-PC-9900.txt
peor-caso-bt,BT-PC-9910,9910,1001,instancias/peor-caso-bt/BT-PC-9910.txt
peor-caso-bt,BT-PC-9920,9920,1001,instancias/peor-caso-bt/BT-PC-9920.txt
peor-caso-bt,BT-PC-9930,9930,1001,instancias/peor-caso-bt/BT-PC-9930.txt
peor-caso-bt,BT-PC-9940,9940,1001,instancias/peor-caso-bt/BT-PC-9940.txt
peor-caso-bt,BT-PC-9950,9950,1001,instancias/peor-caso-bt/BT-PC-9950.txt
peor-caso-bt,BT-PC-9960,9960,1001,instancias/peor-caso-bt/BT-PC-9960.txt
peor-caso-bt,BT-PC-9970,9970,1001,instancias/peor-caso-bt/BT-PC-9970.txt
peor-caso-bt,BT-PC-9980,9980,1001,instancias/peor-caso-bt/BT-PC-9980.txt
peor-caso-bt,BT-PC-9990,9990,1001,instancias/peor-caso-bt/BT-PC-9990.txt
peor-caso-bt,BT-PC-10000,10000,1001,instancias/peor-caso-bt/BT-PC-10000.txt
